"x","y",""
-88.97,18.49,NA
-88.94,18.49,NA
-88.91,18.49,NA
-88.88,18.49,NA
-88.85,18.49,NA
-88.82,18.49,NA
-88.79,18.49,NA
-88.76,18.49,NA
-88.73,18.49,NA
-88.7,18.49,NA
-88.67,18.49,NA
-88.64,18.49,NA
-88.61,18.49,NA
-88.58,18.49,NA
-88.55,18.49,NA
-88.52,18.49,NA
-88.49,18.49,NA
-88.46,18.49,NA
-88.43,18.49,NA
-88.4,18.49,NA
-88.37,18.49,NA
-88.34,18.49,183.24
-88.31,18.49,14.49
-88.28,18.49,NA
-88.25,18.49,NA
-88.22,18.49,NA
-88.19,18.49,NA
-88.16,18.49,NA
-88.13,18.49,NA
-88.1,18.49,NA
-88.07,18.49,NA
-88.04,18.49,NA
-88.01,18.49,NA
-87.98,18.49,NA
-87.95,18.49,NA
-87.92,18.49,NA
-87.89,18.49,NA
-87.86,18.49,NA
-87.83,18.49,NA
-87.8,18.49,NA
-87.77,18.49,NA
-87.74,18.49,NA
-87.71,18.49,NA
-87.68,18.49,NA
-87.65,18.49,NA
-87.62,18.49,NA
-87.59,18.49,NA
-87.56,18.49,NA
-87.53,18.49,NA
-87.5,18.49,NA
-87.47,18.49,NA
-87.44,18.49,NA
-87.41,18.49,NA
-88.97,18.46,NA
-88.94,18.46,NA
-88.91,18.46,NA
-88.88,18.46,NA
-88.85,18.46,NA
-88.82,18.46,NA
-88.79,18.46,NA
-88.76,18.46,NA
-88.73,18.46,NA
-88.7,18.46,NA
-88.67,18.46,NA
-88.64,18.46,NA
-88.61,18.46,NA
-88.58,18.46,NA
-88.55,18.46,NA
-88.52,18.46,NA
-88.49,18.46,NA
-88.46,18.46,NA
-88.43,18.46,NA
-88.4,18.46,0.81
-88.37,18.46,182.43
-88.34,18.46,26.82
-88.31,18.46,248.22
-88.28,18.46,4.77
-88.25,18.46,NA
-88.22,18.46,NA
-88.19,18.46,NA
-88.16,18.46,NA
-88.13,18.46,NA
-88.1,18.46,NA
-88.07,18.46,NA
-88.04,18.46,NA
-88.01,18.46,NA
-87.98,18.46,NA
-87.95,18.46,NA
-87.92,18.46,NA
-87.89,18.46,NA
-87.86,18.46,NA
-87.83,18.46,NA
-87.8,18.46,NA
-87.77,18.46,NA
-87.74,18.46,NA
-87.71,18.46,NA
-87.68,18.46,NA
-87.65,18.46,NA
-87.62,18.46,NA
-87.59,18.46,NA
-87.56,18.46,NA
-87.53,18.46,NA
-87.5,18.46,NA
-87.47,18.46,NA
-87.44,18.46,NA
-87.41,18.46,NA
-88.97,18.43,NA
-88.94,18.43,NA
-88.91,18.43,NA
-88.88,18.43,NA
-88.85,18.43,NA
-88.82,18.43,NA
-88.79,18.43,NA
-88.76,18.43,NA
-88.73,18.43,NA
-88.7,18.43,NA
-88.67,18.43,NA
-88.64,18.43,NA
-88.61,18.43,NA
-88.58,18.43,NA
-88.55,18.43,NA
-88.52,18.43,NA
-88.49,18.43,NA
-88.46,18.43,NA
-88.43,18.43,NA
-88.4,18.43,NA
-88.37,18.43,17.82
-88.34,18.43,15.48
-88.31,18.43,1.08
-88.28,18.43,NA
-88.25,18.43,NA
-88.22,18.43,NA
-88.19,18.43,NA
-88.16,18.43,NA
-88.13,18.43,NA
-88.1,18.43,NA
-88.07,18.43,NA
-88.04,18.43,NA
-88.01,18.43,NA
-87.98,18.43,NA
-87.95,18.43,NA
-87.92,18.43,NA
-87.89,18.43,NA
-87.86,18.43,NA
-87.83,18.43,NA
-87.8,18.43,NA
-87.77,18.43,NA
-87.74,18.43,NA
-87.71,18.43,NA
-87.68,18.43,NA
-87.65,18.43,NA
-87.62,18.43,NA
-87.59,18.43,NA
-87.56,18.43,NA
-87.53,18.43,NA
-87.5,18.43,NA
-87.47,18.43,NA
-87.44,18.43,NA
-87.41,18.43,NA
-88.97,18.4,NA
-88.94,18.4,NA
-88.91,18.4,NA
-88.88,18.4,NA
-88.85,18.4,NA
-88.82,18.4,NA
-88.79,18.4,NA
-88.76,18.4,NA
-88.73,18.4,NA
-88.7,18.4,NA
-88.67,18.4,NA
-88.64,18.4,NA
-88.61,18.4,NA
-88.58,18.4,NA
-88.55,18.4,NA
-88.52,18.4,NA
-88.49,18.4,NA
-88.46,18.4,NA
-88.43,18.4,NA
-88.4,18.4,NA
-88.37,18.4,NA
-88.34,18.4,NA
-88.31,18.4,3.15
-88.28,18.4,NA
-88.25,18.4,NA
-88.22,18.4,NA
-88.19,18.4,NA
-88.16,18.4,NA
-88.13,18.4,NA
-88.1,18.4,NA
-88.07,18.4,NA
-88.04,18.4,NA
-88.01,18.4,NA
-87.98,18.4,NA
-87.95,18.4,NA
-87.92,18.4,NA
-87.89,18.4,NA
-87.86,18.4,NA
-87.83,18.4,NA
-87.8,18.4,NA
-87.77,18.4,NA
-87.74,18.4,NA
-87.71,18.4,NA
-87.68,18.4,NA
-87.65,18.4,NA
-87.62,18.4,NA
-87.59,18.4,NA
-87.56,18.4,NA
-87.53,18.4,NA
-87.5,18.4,NA
-87.47,18.4,NA
-87.44,18.4,NA
-87.41,18.4,NA
-88.97,18.37,NA
-88.94,18.37,NA
-88.91,18.37,NA
-88.88,18.37,NA
-88.85,18.37,NA
-88.82,18.37,NA
-88.79,18.37,NA
-88.76,18.37,NA
-88.73,18.37,NA
-88.7,18.37,NA
-88.67,18.37,NA
-88.64,18.37,NA
-88.61,18.37,NA
-88.58,18.37,NA
-88.55,18.37,NA
-88.52,18.37,NA
-88.49,18.37,NA
-88.46,18.37,NA
-88.43,18.37,NA
-88.4,18.37,53.46
-88.37,18.37,NA
-88.34,18.37,1.53
-88.31,18.37,6.48
-88.28,18.37,NA
-88.25,18.37,11.7
-88.22,18.37,NA
-88.19,18.37,NA
-88.16,18.37,NA
-88.13,18.37,58.32
-88.1,18.37,2.43
-88.07,18.37,NA
-88.04,18.37,NA
-88.01,18.37,NA
-87.98,18.37,NA
-87.95,18.37,NA
-87.92,18.37,NA
-87.89,18.37,NA
-87.86,18.37,NA
-87.83,18.37,NA
-87.8,18.37,NA
-87.77,18.37,NA
-87.74,18.37,NA
-87.71,18.37,NA
-87.68,18.37,NA
-87.65,18.37,NA
-87.62,18.37,NA
-87.59,18.37,NA
-87.56,18.37,NA
-87.53,18.37,NA
-87.5,18.37,NA
-87.47,18.37,NA
-87.44,18.37,NA
-87.41,18.37,NA
-88.97,18.34,NA
-88.94,18.34,NA
-88.91,18.34,NA
-88.88,18.34,NA
-88.85,18.34,NA
-88.82,18.34,NA
-88.79,18.34,NA
-88.76,18.34,NA
-88.73,18.34,NA
-88.7,18.34,NA
-88.67,18.34,NA
-88.64,18.34,NA
-88.61,18.34,NA
-88.58,18.34,NA
-88.55,18.34,NA
-88.52,18.34,NA
-88.49,18.34,NA
-88.46,18.34,NA
-88.43,18.34,19.26
-88.4,18.34,482.13
-88.37,18.34,246.06
-88.34,18.34,13.14
-88.31,18.34,18.18
-88.28,18.34,16.38
-88.25,18.34,66.24
-88.22,18.34,43.2
-88.19,18.34,157.23
-88.16,18.34,33.93
-88.13,18.34,130.86
-88.1,18.34,103.5
-88.07,18.34,NA
-88.04,18.34,NA
-88.01,18.34,NA
-87.98,18.34,NA
-87.95,18.34,NA
-87.92,18.34,NA
-87.89,18.34,NA
-87.86,18.34,NA
-87.83,18.34,NA
-87.8,18.34,NA
-87.77,18.34,NA
-87.74,18.34,NA
-87.71,18.34,NA
-87.68,18.34,NA
-87.65,18.34,NA
-87.62,18.34,NA
-87.59,18.34,NA
-87.56,18.34,NA
-87.53,18.34,NA
-87.5,18.34,NA
-87.47,18.34,NA
-87.44,18.34,NA
-87.41,18.34,NA
-88.97,18.31,NA
-88.94,18.31,NA
-88.91,18.31,NA
-88.88,18.31,NA
-88.85,18.31,NA
-88.82,18.31,NA
-88.79,18.31,NA
-88.76,18.31,NA
-88.73,18.31,NA
-88.7,18.31,NA
-88.67,18.31,NA
-88.64,18.31,NA
-88.61,18.31,NA
-88.58,18.31,NA
-88.55,18.31,NA
-88.52,18.31,NA
-88.49,18.31,NA
-88.46,18.31,NA
-88.43,18.31,201.6
-88.4,18.31,43.2
-88.37,18.31,38.34
-88.34,18.31,3.42
-88.31,18.31,1.98
-88.28,18.31,102.51
-88.25,18.31,2.61
-88.22,18.31,182.88
-88.19,18.31,342.63
-88.16,18.31,172.17
-88.13,18.31,429.66
-88.1,18.31,158.31
-88.07,18.31,NA
-88.04,18.31,NA
-88.01,18.31,NA
-87.98,18.31,NA
-87.95,18.31,NA
-87.92,18.31,NA
-87.89,18.31,NA
-87.86,18.31,NA
-87.83,18.31,NA
-87.8,18.31,NA
-87.77,18.31,NA
-87.74,18.31,NA
-87.71,18.31,NA
-87.68,18.31,NA
-87.65,18.31,NA
-87.62,18.31,NA
-87.59,18.31,NA
-87.56,18.31,NA
-87.53,18.31,NA
-87.5,18.31,NA
-87.47,18.31,NA
-87.44,18.31,NA
-87.41,18.31,NA
-88.97,18.28,NA
-88.94,18.28,NA
-88.91,18.28,NA
-88.88,18.28,NA
-88.85,18.28,NA
-88.82,18.28,NA
-88.79,18.28,NA
-88.76,18.28,NA
-88.73,18.28,NA
-88.7,18.28,NA
-88.67,18.28,NA
-88.64,18.28,NA
-88.61,18.28,NA
-88.58,18.28,NA
-88.55,18.28,NA
-88.52,18.28,NA
-88.49,18.28,NA
-88.46,18.28,NA
-88.43,18.28,36.36
-88.4,18.28,22.14
-88.37,18.28,12.96
-88.34,18.28,NA
-88.31,18.28,3.78
-88.28,18.28,25.38
-88.25,18.28,17.46
-88.22,18.28,414.18
-88.19,18.28,198.72
-88.16,18.28,398.07
-88.13,18.28,387.45
-88.1,18.28,155.34
-88.07,18.28,NA
-88.04,18.28,NA
-88.01,18.28,NA
-87.98,18.28,NA
-87.95,18.28,NA
-87.92,18.28,NA
-87.89,18.28,NA
-87.86,18.28,NA
-87.83,18.28,NA
-87.8,18.28,NA
-87.77,18.28,NA
-87.74,18.28,NA
-87.71,18.28,NA
-87.68,18.28,NA
-87.65,18.28,NA
-87.62,18.28,NA
-87.59,18.28,NA
-87.56,18.28,NA
-87.53,18.28,NA
-87.5,18.28,NA
-87.47,18.28,NA
-87.44,18.28,NA
-87.41,18.28,NA
-88.97,18.25,NA
-88.94,18.25,NA
-88.91,18.25,NA
-88.88,18.25,NA
-88.85,18.25,NA
-88.82,18.25,NA
-88.79,18.25,NA
-88.76,18.25,NA
-88.73,18.25,NA
-88.7,18.25,NA
-88.67,18.25,NA
-88.64,18.25,NA
-88.61,18.25,NA
-88.58,18.25,NA
-88.55,18.25,NA
-88.52,18.25,NA
-88.49,18.25,NA
-88.46,18.25,NA
-88.43,18.25,5.13
-88.4,18.25,13.86
-88.37,18.25,10.98
-88.34,18.25,NA
-88.31,18.25,8.1
-88.28,18.25,144
-88.25,18.25,4.23
-88.22,18.25,464.49
-88.19,18.25,206.55
-88.16,18.25,281.25
-88.13,18.25,476.64
-88.1,18.25,181.26
-88.07,18.25,NA
-88.04,18.25,NA
-88.01,18.25,NA
-87.98,18.25,NA
-87.95,18.25,NA
-87.92,18.25,NA
-87.89,18.25,NA
-87.86,18.25,NA
-87.83,18.25,NA
-87.8,18.25,NA
-87.77,18.25,NA
-87.74,18.25,NA
-87.71,18.25,NA
-87.68,18.25,NA
-87.65,18.25,NA
-87.62,18.25,NA
-87.59,18.25,NA
-87.56,18.25,NA
-87.53,18.25,NA
-87.5,18.25,NA
-87.47,18.25,NA
-87.44,18.25,NA
-87.41,18.25,NA
-88.97,18.22,NA
-88.94,18.22,NA
-88.91,18.22,NA
-88.88,18.22,NA
-88.85,18.22,NA
-88.82,18.22,NA
-88.79,18.22,NA
-88.76,18.22,NA
-88.73,18.22,NA
-88.7,18.22,NA
-88.67,18.22,NA
-88.64,18.22,NA
-88.61,18.22,NA
-88.58,18.22,NA
-88.55,18.22,NA
-88.52,18.22,NA
-88.49,18.22,NA
-88.46,18.22,NA
-88.43,18.22,0.54
-88.4,18.22,8.01
-88.37,18.22,6.93
-88.34,18.22,19.89
-88.31,18.22,68.76
-88.28,18.22,65.88
-88.25,18.22,4.41
-88.22,18.22,265.95
-88.19,18.22,21.87
-88.16,18.22,100.71
-88.13,18.22,396.99
-88.1,18.22,202.32
-88.07,18.22,NA
-88.04,18.22,NA
-88.01,18.22,NA
-87.98,18.22,NA
-87.95,18.22,NA
-87.92,18.22,NA
-87.89,18.22,NA
-87.86,18.22,NA
-87.83,18.22,NA
-87.8,18.22,NA
-87.77,18.22,NA
-87.74,18.22,NA
-87.71,18.22,NA
-87.68,18.22,NA
-87.65,18.22,NA
-87.62,18.22,NA
-87.59,18.22,NA
-87.56,18.22,NA
-87.53,18.22,NA
-87.5,18.22,NA
-87.47,18.22,NA
-87.44,18.22,NA
-87.41,18.22,NA
-88.97,18.19,NA
-88.94,18.19,NA
-88.91,18.19,NA
-88.88,18.19,NA
-88.85,18.19,NA
-88.82,18.19,NA
-88.79,18.19,NA
-88.76,18.19,NA
-88.73,18.19,NA
-88.7,18.19,NA
-88.67,18.19,NA
-88.64,18.19,NA
-88.61,18.19,NA
-88.58,18.19,NA
-88.55,18.19,NA
-88.52,18.19,NA
-88.49,18.19,NA
-88.46,18.19,NA
-88.43,18.19,17.19
-88.4,18.19,NA
-88.37,18.19,5.04
-88.34,18.19,79.47
-88.31,18.19,109.89
-88.28,18.19,32.85
-88.25,18.19,24.75
-88.22,18.19,165.87
-88.19,18.19,112.14
-88.16,18.19,6.12
-88.13,18.19,404.28
-88.1,18.19,135.81
-88.07,18.19,NA
-88.04,18.19,NA
-88.01,18.19,NA
-87.98,18.19,NA
-87.95,18.19,NA
-87.92,18.19,NA
-87.89,18.19,NA
-87.86,18.19,11.34
-87.83,18.19,NA
-87.8,18.19,NA
-87.77,18.19,NA
-87.74,18.19,NA
-87.71,18.19,NA
-87.68,18.19,NA
-87.65,18.19,NA
-87.62,18.19,NA
-87.59,18.19,NA
-87.56,18.19,NA
-87.53,18.19,NA
-87.5,18.19,NA
-87.47,18.19,NA
-87.44,18.19,NA
-87.41,18.19,NA
-88.97,18.16,NA
-88.94,18.16,NA
-88.91,18.16,NA
-88.88,18.16,NA
-88.85,18.16,NA
-88.82,18.16,NA
-88.79,18.16,NA
-88.76,18.16,NA
-88.73,18.16,NA
-88.7,18.16,NA
-88.67,18.16,NA
-88.64,18.16,NA
-88.61,18.16,NA
-88.58,18.16,NA
-88.55,18.16,NA
-88.52,18.16,NA
-88.49,18.16,NA
-88.46,18.16,NA
-88.43,18.16,24.57
-88.4,18.16,25.11
-88.37,18.16,75.33
-88.34,18.16,35.82
-88.31,18.16,71.19
-88.28,18.16,16.02
-88.25,18.16,52.02
-88.22,18.16,345.06
-88.19,18.16,395.37
-88.16,18.16,2.25
-88.13,18.16,338.67
-88.1,18.16,52.2
-88.07,18.16,NA
-88.04,18.16,NA
-88.01,18.16,NA
-87.98,18.16,NA
-87.95,18.16,NA
-87.92,18.16,NA
-87.89,18.16,63.9
-87.86,18.16,97.56
-87.83,18.16,NA
-87.8,18.16,NA
-87.77,18.16,NA
-87.74,18.16,NA
-87.71,18.16,NA
-87.68,18.16,NA
-87.65,18.16,NA
-87.62,18.16,NA
-87.59,18.16,NA
-87.56,18.16,NA
-87.53,18.16,NA
-87.5,18.16,NA
-87.47,18.16,NA
-87.44,18.16,NA
-87.41,18.16,NA
-88.97,18.13,NA
-88.94,18.13,NA
-88.91,18.13,NA
-88.88,18.13,NA
-88.85,18.13,NA
-88.82,18.13,NA
-88.79,18.13,NA
-88.76,18.13,NA
-88.73,18.13,NA
-88.7,18.13,NA
-88.67,18.13,NA
-88.64,18.13,NA
-88.61,18.13,NA
-88.58,18.13,NA
-88.55,18.13,NA
-88.52,18.13,NA
-88.49,18.13,NA
-88.46,18.13,NA
-88.43,18.13,NA
-88.4,18.13,2.79
-88.37,18.13,139.5
-88.34,18.13,138.24
-88.31,18.13,70.29
-88.28,18.13,10.89
-88.25,18.13,169.83
-88.22,18.13,302.13
-88.19,18.13,558
-88.16,18.13,403.29
-88.13,18.13,323.73
-88.1,18.13,42.39
-88.07,18.13,NA
-88.04,18.13,NA
-88.01,18.13,NA
-87.98,18.13,NA
-87.95,18.13,48.87
-87.92,18.13,6.93
-87.89,18.13,102.87
-87.86,18.13,159.57
-87.83,18.13,22.32
-87.8,18.13,NA
-87.77,18.13,NA
-87.74,18.13,NA
-87.71,18.13,NA
-87.68,18.13,NA
-87.65,18.13,NA
-87.62,18.13,NA
-87.59,18.13,NA
-87.56,18.13,NA
-87.53,18.13,NA
-87.5,18.13,NA
-87.47,18.13,NA
-87.44,18.13,NA
-87.41,18.13,NA
-88.97,18.1,NA
-88.94,18.1,NA
-88.91,18.1,NA
-88.88,18.1,NA
-88.85,18.1,NA
-88.82,18.1,NA
-88.79,18.1,NA
-88.76,18.1,NA
-88.73,18.1,NA
-88.7,18.1,NA
-88.67,18.1,NA
-88.64,18.1,NA
-88.61,18.1,NA
-88.58,18.1,NA
-88.55,18.1,NA
-88.52,18.1,NA
-88.49,18.1,NA
-88.46,18.1,NA
-88.43,18.1,NA
-88.4,18.1,NA
-88.37,18.1,98.19
-88.34,18.1,87.3
-88.31,18.1,67.32
-88.28,18.1,60.21
-88.25,18.1,188.82
-88.22,18.1,139.77
-88.19,18.1,333.54
-88.16,18.1,486.72
-88.13,18.1,311.94
-88.1,18.1,30.06
-88.07,18.1,NA
-88.04,18.1,NA
-88.01,18.1,NA
-87.98,18.1,20.7
-87.95,18.1,116.64
-87.92,18.1,57.33
-87.89,18.1,210.24
-87.86,18.1,164.97
-87.83,18.1,NA
-87.8,18.1,NA
-87.77,18.1,NA
-87.74,18.1,NA
-87.71,18.1,NA
-87.68,18.1,NA
-87.65,18.1,NA
-87.62,18.1,NA
-87.59,18.1,NA
-87.56,18.1,NA
-87.53,18.1,NA
-87.5,18.1,NA
-87.47,18.1,NA
-87.44,18.1,NA
-87.41,18.1,NA
-88.97,18.07,NA
-88.94,18.07,NA
-88.91,18.07,NA
-88.88,18.07,NA
-88.85,18.07,NA
-88.82,18.07,NA
-88.79,18.07,NA
-88.76,18.07,NA
-88.73,18.07,NA
-88.7,18.07,NA
-88.67,18.07,NA
-88.64,18.07,NA
-88.61,18.07,NA
-88.58,18.07,NA
-88.55,18.07,NA
-88.52,18.07,NA
-88.49,18.07,NA
-88.46,18.07,NA
-88.43,18.07,NA
-88.4,18.07,NA
-88.37,18.07,38.61
-88.34,18.07,128.88
-88.31,18.07,47.25
-88.28,18.07,90.45
-88.25,18.07,22.41
-88.22,18.07,NA
-88.19,18.07,310.23
-88.16,18.07,556.29
-88.13,18.07,250.29
-88.1,18.07,NA
-88.07,18.07,NA
-88.04,18.07,NA
-88.01,18.07,5.4
-87.98,18.07,40.41
-87.95,18.07,41.13
-87.92,18.07,152.1
-87.89,18.07,279.99
-87.86,18.07,65.97
-87.83,18.07,NA
-87.8,18.07,NA
-87.77,18.07,NA
-87.74,18.07,NA
-87.71,18.07,NA
-87.68,18.07,NA
-87.65,18.07,NA
-87.62,18.07,NA
-87.59,18.07,NA
-87.56,18.07,NA
-87.53,18.07,NA
-87.5,18.07,NA
-87.47,18.07,NA
-87.44,18.07,NA
-87.41,18.07,NA
-88.97,18.04,NA
-88.94,18.04,NA
-88.91,18.04,NA
-88.88,18.04,NA
-88.85,18.04,NA
-88.82,18.04,NA
-88.79,18.04,NA
-88.76,18.04,NA
-88.73,18.04,NA
-88.7,18.04,NA
-88.67,18.04,NA
-88.64,18.04,NA
-88.61,18.04,NA
-88.58,18.04,NA
-88.55,18.04,NA
-88.52,18.04,NA
-88.49,18.04,NA
-88.46,18.04,0.45
-88.43,18.04,0.18
-88.4,18.04,NA
-88.37,18.04,15.3
-88.34,18.04,198.81
-88.31,18.04,4.32
-88.28,18.04,203.4
-88.25,18.04,3.6
-88.22,18.04,38.88
-88.19,18.04,38.88
-88.16,18.04,698.31
-88.13,18.04,57.24
-88.1,18.04,NA
-88.07,18.04,NA
-88.04,18.04,NA
-88.01,18.04,48.87
-87.98,18.04,NA
-87.95,18.04,24.57
-87.92,18.04,47.97
-87.89,18.04,147.96
-87.86,18.04,NA
-87.83,18.04,NA
-87.8,18.04,NA
-87.77,18.04,NA
-87.74,18.04,NA
-87.71,18.04,NA
-87.68,18.04,NA
-87.65,18.04,NA
-87.62,18.04,NA
-87.59,18.04,NA
-87.56,18.04,NA
-87.53,18.04,NA
-87.5,18.04,NA
-87.47,18.04,NA
-87.44,18.04,NA
-87.41,18.04,NA
-88.97,18.01,NA
-88.94,18.01,NA
-88.91,18.01,NA
-88.88,18.01,NA
-88.85,18.01,NA
-88.82,18.01,NA
-88.79,18.01,NA
-88.76,18.01,NA
-88.73,18.01,NA
-88.7,18.01,NA
-88.67,18.01,NA
-88.64,18.01,NA
-88.61,18.01,NA
-88.58,18.01,NA
-88.55,18.01,NA
-88.52,18.01,NA
-88.49,18.01,NA
-88.46,18.01,NA
-88.43,18.01,NA
-88.4,18.01,NA
-88.37,18.01,3.96
-88.34,18.01,312.75
-88.31,18.01,25.74
-88.28,18.01,322.74
-88.25,18.01,31.59
-88.22,18.01,62.46
-88.19,18.01,62.46
-88.16,18.01,265.95
-88.13,18.01,NA
-88.1,18.01,NA
-88.07,18.01,NA
-88.04,18.01,12.06
-88.01,18.01,NA
-87.98,18.01,NA
-87.95,18.01,42.93
-87.92,18.01,127.35
-87.89,18.01,38.16
-87.86,18.01,NA
-87.83,18.01,NA
-87.8,18.01,NA
-87.77,18.01,NA
-87.74,18.01,NA
-87.71,18.01,NA
-87.68,18.01,NA
-87.65,18.01,NA
-87.62,18.01,NA
-87.59,18.01,NA
-87.56,18.01,NA
-87.53,18.01,NA
-87.5,18.01,NA
-87.47,18.01,NA
-87.44,18.01,NA
-87.41,18.01,NA
-88.97,17.98,NA
-88.94,17.98,NA
-88.91,17.98,NA
-88.88,17.98,NA
-88.85,17.98,NA
-88.82,17.98,NA
-88.79,17.98,NA
-88.76,17.98,NA
-88.73,17.98,NA
-88.7,17.98,NA
-88.67,17.98,NA
-88.64,17.98,NA
-88.61,17.98,NA
-88.58,17.98,NA
-88.55,17.98,NA
-88.52,17.98,NA
-88.49,17.98,NA
-88.46,17.98,NA
-88.43,17.98,NA
-88.4,17.98,NA
-88.37,17.98,122.94
-88.34,17.98,583.11
-88.31,17.98,840.51
-88.28,17.98,45.81
-88.25,17.98,28.17
-88.22,17.98,295.56
-88.19,17.98,295.56
-88.16,17.98,76.95
-88.13,17.98,NA
-88.1,17.98,19.89
-88.07,17.98,4.14
-88.04,17.98,NA
-88.01,17.98,NA
-87.98,17.98,1.26
-87.95,17.98,9.99
-87.92,17.98,4.41
-87.89,17.98,NA
-87.86,17.98,NA
-87.83,17.98,NA
-87.8,17.98,NA
-87.77,17.98,NA
-87.74,17.98,NA
-87.71,17.98,NA
-87.68,17.98,NA
-87.65,17.98,NA
-87.62,17.98,NA
-87.59,17.98,NA
-87.56,17.98,NA
-87.53,17.98,NA
-87.5,17.98,NA
-87.47,17.98,NA
-87.44,17.98,NA
-87.41,17.98,NA
-88.97,17.95,NA
-88.94,17.95,NA
-88.91,17.95,NA
-88.88,17.95,NA
-88.85,17.95,NA
-88.82,17.95,NA
-88.79,17.95,NA
-88.76,17.95,NA
-88.73,17.95,NA
-88.7,17.95,NA
-88.67,17.95,NA
-88.64,17.95,NA
-88.61,17.95,NA
-88.58,17.95,NA
-88.55,17.95,NA
-88.52,17.95,NA
-88.49,17.95,NA
-88.46,17.95,NA
-88.43,17.95,NA
-88.4,17.95,NA
-88.37,17.95,46.44
-88.34,17.95,583.11
-88.31,17.95,386.82
-88.28,17.95,129.96
-88.25,17.95,30.24
-88.22,17.95,638.1
-88.19,17.95,638.1
-88.16,17.95,1.71
-88.13,17.95,12.06
-88.1,17.95,NA
-88.07,17.95,NA
-88.04,17.95,NA
-88.01,17.95,NA
-87.98,17.95,10.62
-87.95,17.95,19.62
-87.92,17.95,4.95
-87.89,17.95,NA
-87.86,17.95,NA
-87.83,17.95,NA
-87.8,17.95,NA
-87.77,17.95,NA
-87.74,17.95,NA
-87.71,17.95,NA
-87.68,17.95,NA
-87.65,17.95,NA
-87.62,17.95,NA
-87.59,17.95,NA
-87.56,17.95,NA
-87.53,17.95,NA
-87.5,17.95,NA
-87.47,17.95,NA
-87.44,17.95,NA
-87.41,17.95,NA
-88.97,17.92,NA
-88.94,17.92,NA
-88.91,17.92,NA
-88.88,17.92,NA
-88.85,17.92,NA
-88.82,17.92,NA
-88.79,17.92,NA
-88.76,17.92,NA
-88.73,17.92,NA
-88.7,17.92,NA
-88.67,17.92,NA
-88.64,17.92,NA
-88.61,17.92,NA
-88.58,17.92,NA
-88.55,17.92,NA
-88.52,17.92,NA
-88.49,17.92,NA
-88.46,17.92,NA
-88.43,17.92,NA
-88.4,17.92,NA
-88.37,17.92,5.31
-88.34,17.92,30.78
-88.31,17.92,31.14
-88.28,17.92,129.96
-88.25,17.92,133.29
-88.22,17.92,422.19
-88.19,17.92,422.19
-88.16,17.92,NA
-88.13,17.92,NA
-88.1,17.92,NA
-88.07,17.92,NA
-88.04,17.92,NA
-88.01,17.92,33.57
-87.98,17.92,22.32
-87.95,17.92,NA
-87.92,17.92,NA
-87.89,17.92,NA
-87.86,17.92,NA
-87.83,17.92,NA
-87.8,17.92,NA
-87.77,17.92,NA
-87.74,17.92,NA
-87.71,17.92,NA
-87.68,17.92,NA
-87.65,17.92,NA
-87.62,17.92,NA
-87.59,17.92,NA
-87.56,17.92,NA
-87.53,17.92,NA
-87.5,17.92,NA
-87.47,17.92,NA
-87.44,17.92,NA
-87.41,17.92,NA
-88.97,17.89,NA
-88.94,17.89,NA
-88.91,17.89,NA
-88.88,17.89,NA
-88.85,17.89,NA
-88.82,17.89,NA
-88.79,17.89,NA
-88.76,17.89,NA
-88.73,17.89,NA
-88.7,17.89,NA
-88.67,17.89,NA
-88.64,17.89,NA
-88.61,17.89,NA
-88.58,17.89,NA
-88.55,17.89,NA
-88.52,17.89,NA
-88.49,17.89,NA
-88.46,17.89,NA
-88.43,17.89,NA
-88.4,17.89,NA
-88.37,17.89,NA
-88.34,17.89,0.72
-88.31,17.89,7.65
-88.28,17.89,259.38
-88.25,17.89,198.81
-88.22,17.89,221.04
-88.19,17.89,221.04
-88.16,17.89,NA
-88.13,17.89,NA
-88.1,17.89,NA
-88.07,17.89,9.45
-88.04,17.89,65.61
-88.01,17.89,185.4
-87.98,17.89,7.92
-87.95,17.89,NA
-87.92,17.89,NA
-87.89,17.89,NA
-87.86,17.89,NA
-87.83,17.89,NA
-87.8,17.89,NA
-87.77,17.89,NA
-87.74,17.89,NA
-87.71,17.89,NA
-87.68,17.89,NA
-87.65,17.89,NA
-87.62,17.89,NA
-87.59,17.89,NA
-87.56,17.89,NA
-87.53,17.89,NA
-87.5,17.89,NA
-87.47,17.89,NA
-87.44,17.89,NA
-87.41,17.89,NA
-88.97,17.86,NA
-88.94,17.86,NA
-88.91,17.86,NA
-88.88,17.86,NA
-88.85,17.86,NA
-88.82,17.86,NA
-88.79,17.86,NA
-88.76,17.86,NA
-88.73,17.86,NA
-88.7,17.86,NA
-88.67,17.86,NA
-88.64,17.86,NA
-88.61,17.86,NA
-88.58,17.86,NA
-88.55,17.86,NA
-88.52,17.86,NA
-88.49,17.86,NA
-88.46,17.86,NA
-88.43,17.86,NA
-88.4,17.86,NA
-88.37,17.86,NA
-88.34,17.86,0.18
-88.31,17.86,6.93
-88.28,17.86,27.27
-88.25,17.86,69.48
-88.22,17.86,175.5
-88.19,17.86,175.5
-88.16,17.86,NA
-88.13,17.86,NA
-88.1,17.86,NA
-88.07,17.86,9.45
-88.04,17.86,25.92
-88.01,17.86,185.4
-87.98,17.86,NA
-87.95,17.86,NA
-87.92,17.86,NA
-87.89,17.86,NA
-87.86,17.86,NA
-87.83,17.86,NA
-87.8,17.86,NA
-87.77,17.86,NA
-87.74,17.86,NA
-87.71,17.86,NA
-87.68,17.86,NA
-87.65,17.86,NA
-87.62,17.86,NA
-87.59,17.86,NA
-87.56,17.86,NA
-87.53,17.86,NA
-87.5,17.86,NA
-87.47,17.86,NA
-87.44,17.86,NA
-87.41,17.86,NA
-88.97,17.83,NA
-88.94,17.83,NA
-88.91,17.83,NA
-88.88,17.83,NA
-88.85,17.83,NA
-88.82,17.83,NA
-88.79,17.83,NA
-88.76,17.83,NA
-88.73,17.83,NA
-88.7,17.83,NA
-88.67,17.83,NA
-88.64,17.83,NA
-88.61,17.83,NA
-88.58,17.83,NA
-88.55,17.83,NA
-88.52,17.83,NA
-88.49,17.83,NA
-88.46,17.83,NA
-88.43,17.83,NA
-88.4,17.83,NA
-88.37,17.83,NA
-88.34,17.83,NA
-88.31,17.83,NA
-88.28,17.83,NA
-88.25,17.83,137.07
-88.22,17.83,125.82
-88.19,17.83,125.82
-88.16,17.83,NA
-88.13,17.83,NA
-88.1,17.83,NA
-88.07,17.83,124.02
-88.04,17.83,NA
-88.01,17.83,NA
-87.98,17.83,NA
-87.95,17.83,NA
-87.92,17.83,NA
-87.89,17.83,NA
-87.86,17.83,NA
-87.83,17.83,NA
-87.8,17.83,NA
-87.77,17.83,NA
-87.74,17.83,NA
-87.71,17.83,NA
-87.68,17.83,NA
-87.65,17.83,NA
-87.62,17.83,NA
-87.59,17.83,NA
-87.56,17.83,NA
-87.53,17.83,NA
-87.5,17.83,NA
-87.47,17.83,NA
-87.44,17.83,NA
-87.41,17.83,NA
-88.97,17.8,NA
-88.94,17.8,NA
-88.91,17.8,NA
-88.88,17.8,NA
-88.85,17.8,NA
-88.82,17.8,NA
-88.79,17.8,NA
-88.76,17.8,NA
-88.73,17.8,NA
-88.7,17.8,NA
-88.67,17.8,NA
-88.64,17.8,NA
-88.61,17.8,NA
-88.58,17.8,NA
-88.55,17.8,NA
-88.52,17.8,NA
-88.49,17.8,NA
-88.46,17.8,NA
-88.43,17.8,NA
-88.4,17.8,NA
-88.37,17.8,NA
-88.34,17.8,NA
-88.31,17.8,0.45
-88.28,17.8,19.26
-88.25,17.8,219.6
-88.22,17.8,20.61
-88.19,17.8,20.61
-88.16,17.8,NA
-88.13,17.8,NA
-88.1,17.8,NA
-88.07,17.8,NA
-88.04,17.8,NA
-88.01,17.8,NA
-87.98,17.8,NA
-87.95,17.8,NA
-87.92,17.8,NA
-87.89,17.8,NA
-87.86,17.8,NA
-87.83,17.8,NA
-87.8,17.8,NA
-87.77,17.8,NA
-87.74,17.8,NA
-87.71,17.8,NA
-87.68,17.8,NA
-87.65,17.8,NA
-87.62,17.8,NA
-87.59,17.8,NA
-87.56,17.8,NA
-87.53,17.8,NA
-87.5,17.8,NA
-87.47,17.8,NA
-87.44,17.8,NA
-87.41,17.8,NA
-88.97,17.77,NA
-88.94,17.77,NA
-88.91,17.77,NA
-88.88,17.77,NA
-88.85,17.77,NA
-88.82,17.77,NA
-88.79,17.77,NA
-88.76,17.77,NA
-88.73,17.77,NA
-88.7,17.77,NA
-88.67,17.77,NA
-88.64,17.77,NA
-88.61,17.77,NA
-88.58,17.77,NA
-88.55,17.77,NA
-88.52,17.77,NA
-88.49,17.77,NA
-88.46,17.77,NA
-88.43,17.77,NA
-88.4,17.77,NA
-88.37,17.77,NA
-88.34,17.77,NA
-88.31,17.77,NA
-88.28,17.77,89.01
-88.25,17.77,243.54
-88.22,17.77,0.27
-88.19,17.77,0.27
-88.16,17.77,NA
-88.13,17.77,NA
-88.1,17.77,NA
-88.07,17.77,NA
-88.04,17.77,NA
-88.01,17.77,0.72
-87.98,17.77,NA
-87.95,17.77,NA
-87.92,17.77,NA
-87.89,17.77,NA
-87.86,17.77,NA
-87.83,17.77,NA
-87.8,17.77,NA
-87.77,17.77,NA
-87.74,17.77,NA
-87.71,17.77,NA
-87.68,17.77,NA
-87.65,17.77,NA
-87.62,17.77,NA
-87.59,17.77,NA
-87.56,17.77,NA
-87.53,17.77,NA
-87.5,17.77,NA
-87.47,17.77,NA
-87.44,17.77,NA
-87.41,17.77,NA
-88.97,17.74,NA
-88.94,17.74,NA
-88.91,17.74,NA
-88.88,17.74,NA
-88.85,17.74,NA
-88.82,17.74,NA
-88.79,17.74,NA
-88.76,17.74,NA
-88.73,17.74,NA
-88.7,17.74,NA
-88.67,17.74,NA
-88.64,17.74,NA
-88.61,17.74,NA
-88.58,17.74,NA
-88.55,17.74,NA
-88.52,17.74,NA
-88.49,17.74,NA
-88.46,17.74,74.7
-88.43,17.74,0.18
-88.4,17.74,NA
-88.37,17.74,NA
-88.34,17.74,NA
-88.31,17.74,NA
-88.28,17.74,26.1
-88.25,17.74,169.92
-88.22,17.74,NA
-88.19,17.74,NA
-88.16,17.74,NA
-88.13,17.74,NA
-88.1,17.74,NA
-88.07,17.74,NA
-88.04,17.74,NA
-88.01,17.74,0.18
-87.98,17.74,NA
-87.95,17.74,NA
-87.92,17.74,NA
-87.89,17.74,NA
-87.86,17.74,NA
-87.83,17.74,NA
-87.8,17.74,NA
-87.77,17.74,NA
-87.74,17.74,NA
-87.71,17.74,NA
-87.68,17.74,NA
-87.65,17.74,NA
-87.62,17.74,NA
-87.59,17.74,NA
-87.56,17.74,NA
-87.53,17.74,NA
-87.5,17.74,NA
-87.47,17.74,NA
-87.44,17.74,NA
-87.41,17.74,NA
-88.97,17.71,NA
-88.94,17.71,NA
-88.91,17.71,NA
-88.88,17.71,NA
-88.85,17.71,NA
-88.82,17.71,NA
-88.79,17.71,NA
-88.76,17.71,NA
-88.73,17.71,NA
-88.7,17.71,NA
-88.67,17.71,NA
-88.64,17.71,NA
-88.61,17.71,NA
-88.58,17.71,NA
-88.55,17.71,NA
-88.52,17.71,NA
-88.49,17.71,NA
-88.46,17.71,89.46
-88.43,17.71,NA
-88.4,17.71,NA
-88.37,17.71,NA
-88.34,17.71,NA
-88.31,17.71,NA
-88.28,17.71,250.29
-88.25,17.71,488.61
-88.22,17.71,43.38
-88.19,17.71,NA
-88.16,17.71,NA
-88.13,17.71,NA
-88.1,17.71,74.34
-88.07,17.71,NA
-88.04,17.71,NA
-88.01,17.71,NA
-87.98,17.71,NA
-87.95,17.71,NA
-87.92,17.71,NA
-87.89,17.71,NA
-87.86,17.71,NA
-87.83,17.71,NA
-87.8,17.71,NA
-87.77,17.71,NA
-87.74,17.71,NA
-87.71,17.71,NA
-87.68,17.71,NA
-87.65,17.71,NA
-87.62,17.71,NA
-87.59,17.71,NA
-87.56,17.71,NA
-87.53,17.71,NA
-87.5,17.71,NA
-87.47,17.71,NA
-87.44,17.71,NA
-87.41,17.71,NA
-88.97,17.68,NA
-88.94,17.68,NA
-88.91,17.68,NA
-88.88,17.68,16.02
-88.85,17.68,NA
-88.82,17.68,NA
-88.79,17.68,NA
-88.76,17.68,NA
-88.73,17.68,NA
-88.7,17.68,NA
-88.67,17.68,NA
-88.64,17.68,NA
-88.61,17.68,NA
-88.58,17.68,NA
-88.55,17.68,NA
-88.52,17.68,NA
-88.49,17.68,NA
-88.46,17.68,NA
-88.43,17.68,NA
-88.4,17.68,NA
-88.37,17.68,NA
-88.34,17.68,NA
-88.31,17.68,10.8
-88.28,17.68,201.6
-88.25,17.68,347.58
-88.22,17.68,30.06
-88.19,17.68,NA
-88.16,17.68,195.21
-88.13,17.68,127.08
-88.1,17.68,NA
-88.07,17.68,NA
-88.04,17.68,1.26
-88.01,17.68,NA
-87.98,17.68,NA
-87.95,17.68,NA
-87.92,17.68,NA
-87.89,17.68,NA
-87.86,17.68,NA
-87.83,17.68,NA
-87.8,17.68,NA
-87.77,17.68,NA
-87.74,17.68,NA
-87.71,17.68,NA
-87.68,17.68,NA
-87.65,17.68,NA
-87.62,17.68,NA
-87.59,17.68,NA
-87.56,17.68,NA
-87.53,17.68,NA
-87.5,17.68,NA
-87.47,17.68,NA
-87.44,17.68,NA
-87.41,17.68,NA
-88.97,17.65,NA
-88.94,17.65,NA
-88.91,17.65,186.39
-88.88,17.65,NA
-88.85,17.65,NA
-88.82,17.65,NA
-88.79,17.65,NA
-88.76,17.65,NA
-88.73,17.65,NA
-88.7,17.65,NA
-88.67,17.65,NA
-88.64,17.65,NA
-88.61,17.65,NA
-88.58,17.65,NA
-88.55,17.65,NA
-88.52,17.65,NA
-88.49,17.65,NA
-88.46,17.65,NA
-88.43,17.65,NA
-88.4,17.65,NA
-88.37,17.65,NA
-88.34,17.65,0.45
-88.31,17.65,29.79
-88.28,17.65,290.34
-88.25,17.65,53.37
-88.22,17.65,NA
-88.19,17.65,65.79
-88.16,17.65,80.64
-88.13,17.65,NA
-88.1,17.65,NA
-88.07,17.65,NA
-88.04,17.65,NA
-88.01,17.65,NA
-87.98,17.65,NA
-87.95,17.65,NA
-87.92,17.65,NA
-87.89,17.65,NA
-87.86,17.65,NA
-87.83,17.65,NA
-87.8,17.65,NA
-87.77,17.65,NA
-87.74,17.65,NA
-87.71,17.65,NA
-87.68,17.65,NA
-87.65,17.65,NA
-87.62,17.65,NA
-87.59,17.65,NA
-87.56,17.65,NA
-87.53,17.65,NA
-87.5,17.65,NA
-87.47,17.65,NA
-87.44,17.65,NA
-87.41,17.65,NA
-88.97,17.62,NA
-88.94,17.62,NA
-88.91,17.62,2.7
-88.88,17.62,2.7
-88.85,17.62,NA
-88.82,17.62,NA
-88.79,17.62,NA
-88.76,17.62,NA
-88.73,17.62,NA
-88.7,17.62,5.22
-88.67,17.62,NA
-88.64,17.62,NA
-88.61,17.62,NA
-88.58,17.62,NA
-88.55,17.62,NA
-88.52,17.62,NA
-88.49,17.62,NA
-88.46,17.62,NA
-88.43,17.62,NA
-88.4,17.62,NA
-88.37,17.62,NA
-88.34,17.62,0.63
-88.31,17.62,12.69
-88.28,17.62,88.92
-88.25,17.62,12.15
-88.22,17.62,NA
-88.19,17.62,NA
-88.16,17.62,NA
-88.13,17.62,48.42
-88.1,17.62,170.64
-88.07,17.62,118.98
-88.04,17.62,NA
-88.01,17.62,NA
-87.98,17.62,NA
-87.95,17.62,NA
-87.92,17.62,NA
-87.89,17.62,NA
-87.86,17.62,NA
-87.83,17.62,NA
-87.8,17.62,NA
-87.77,17.62,6.12
-87.74,17.62,NA
-87.71,17.62,NA
-87.68,17.62,NA
-87.65,17.62,NA
-87.62,17.62,NA
-87.59,17.62,NA
-87.56,17.62,NA
-87.53,17.62,NA
-87.5,17.62,NA
-87.47,17.62,NA
-87.44,17.62,NA
-87.41,17.62,NA
-88.97,17.59,NA
-88.94,17.59,NA
-88.91,17.59,NA
-88.88,17.59,NA
-88.85,17.59,NA
-88.82,17.59,NA
-88.79,17.59,NA
-88.76,17.59,NA
-88.73,17.59,23.31
-88.7,17.59,NA
-88.67,17.59,2.34
-88.64,17.59,NA
-88.61,17.59,NA
-88.58,17.59,NA
-88.55,17.59,NA
-88.52,17.59,NA
-88.49,17.59,NA
-88.46,17.59,NA
-88.43,17.59,NA
-88.4,17.59,NA
-88.37,17.59,NA
-88.34,17.59,NA
-88.31,17.59,11.25
-88.28,17.59,76.5
-88.25,17.59,NA
-88.22,17.59,NA
-88.19,17.59,68.4
-88.16,17.59,NA
-88.13,17.59,NA
-88.1,17.59,112.77
-88.07,17.59,22.41
-88.04,17.59,NA
-88.01,17.59,NA
-87.98,17.59,NA
-87.95,17.59,NA
-87.92,17.59,NA
-87.89,17.59,NA
-87.86,17.59,NA
-87.83,17.59,NA
-87.8,17.59,0.72
-87.77,17.59,NA
-87.74,17.59,NA
-87.71,17.59,NA
-87.68,17.59,NA
-87.65,17.59,NA
-87.62,17.59,NA
-87.59,17.59,NA
-87.56,17.59,NA
-87.53,17.59,NA
-87.5,17.59,NA
-87.47,17.59,NA
-87.44,17.59,NA
-87.41,17.59,NA
-88.97,17.56,NA
-88.94,17.56,NA
-88.91,17.56,NA
-88.88,17.56,NA
-88.85,17.56,NA
-88.82,17.56,NA
-88.79,17.56,NA
-88.76,17.56,NA
-88.73,17.56,122.22
-88.7,17.56,NA
-88.67,17.56,NA
-88.64,17.56,NA
-88.61,17.56,NA
-88.58,17.56,NA
-88.55,17.56,NA
-88.52,17.56,NA
-88.49,17.56,NA
-88.46,17.56,NA
-88.43,17.56,NA
-88.4,17.56,NA
-88.37,17.56,0.45
-88.34,17.56,NA
-88.31,17.56,NA
-88.28,17.56,55.17
-88.25,17.56,31.95
-88.22,17.56,47.97
-88.19,17.56,NA
-88.16,17.56,NA
-88.13,17.56,NA
-88.1,17.56,NA
-88.07,17.56,74.34
-88.04,17.56,NA
-88.01,17.56,NA
-87.98,17.56,NA
-87.95,17.56,NA
-87.92,17.56,NA
-87.89,17.56,NA
-87.86,17.56,NA
-87.83,17.56,NA
-87.8,17.56,29.79
-87.77,17.56,24.93
-87.74,17.56,NA
-87.71,17.56,NA
-87.68,17.56,NA
-87.65,17.56,NA
-87.62,17.56,NA
-87.59,17.56,NA
-87.56,17.56,NA
-87.53,17.56,NA
-87.5,17.56,NA
-87.47,17.56,NA
-87.44,17.56,NA
-87.41,17.56,NA
-88.97,17.53,NA
-88.94,17.53,NA
-88.91,17.53,NA
-88.88,17.53,NA
-88.85,17.53,NA
-88.82,17.53,NA
-88.79,17.53,NA
-88.76,17.53,8.73
-88.73,17.53,86.67
-88.7,17.53,NA
-88.67,17.53,NA
-88.64,17.53,NA
-88.61,17.53,NA
-88.58,17.53,NA
-88.55,17.53,NA
-88.52,17.53,NA
-88.49,17.53,NA
-88.46,17.53,NA
-88.43,17.53,NA
-88.4,17.53,3.33
-88.37,17.53,155.88
-88.34,17.53,NA
-88.31,17.53,6.39
-88.28,17.53,31.14
-88.25,17.53,37.17
-88.22,17.53,15.21
-88.19,17.53,12.87
-88.16,17.53,NA
-88.13,17.53,NA
-88.1,17.53,NA
-88.07,17.53,NA
-88.04,17.53,NA
-88.01,17.53,NA
-87.98,17.53,NA
-87.95,17.53,NA
-87.92,17.53,NA
-87.89,17.53,NA
-87.86,17.53,NA
-87.83,17.53,NA
-87.8,17.53,12.69
-87.77,17.53,11.7
-87.74,17.53,NA
-87.71,17.53,NA
-87.68,17.53,NA
-87.65,17.53,NA
-87.62,17.53,NA
-87.59,17.53,NA
-87.56,17.53,NA
-87.53,17.53,NA
-87.5,17.53,NA
-87.47,17.53,NA
-87.44,17.53,NA
-87.41,17.53,NA
-88.97,17.5,NA
-88.94,17.5,NA
-88.91,17.5,NA
-88.88,17.5,NA
-88.85,17.5,NA
-88.82,17.5,NA
-88.79,17.5,NA
-88.76,17.5,NA
-88.73,17.5,37.08
-88.7,17.5,NA
-88.67,17.5,NA
-88.64,17.5,NA
-88.61,17.5,NA
-88.58,17.5,NA
-88.55,17.5,NA
-88.52,17.5,NA
-88.49,17.5,NA
-88.46,17.5,NA
-88.43,17.5,NA
-88.4,17.5,4.68
-88.37,17.5,107.64
-88.34,17.5,109.71
-88.31,17.5,20.43
-88.28,17.5,19.17
-88.25,17.5,35.82
-88.22,17.5,25.92
-88.19,17.5,5.67
-88.16,17.5,0.18
-88.13,17.5,38.97
-88.1,17.5,NA
-88.07,17.5,NA
-88.04,17.5,NA
-88.01,17.5,NA
-87.98,17.5,NA
-87.95,17.5,NA
-87.92,17.5,NA
-87.89,17.5,NA
-87.86,17.5,12.78
-87.83,17.5,0.27
-87.8,17.5,311.67
-87.77,17.5,11.79
-87.74,17.5,NA
-87.71,17.5,NA
-87.68,17.5,NA
-87.65,17.5,NA
-87.62,17.5,NA
-87.59,17.5,NA
-87.56,17.5,NA
-87.53,17.5,NA
-87.5,17.5,NA
-87.47,17.5,NA
-87.44,17.5,NA
-87.41,17.5,NA
-88.97,17.47,NA
-88.94,17.47,NA
-88.91,17.47,NA
-88.88,17.47,NA
-88.85,17.47,NA
-88.82,17.47,NA
-88.79,17.47,NA
-88.76,17.47,NA
-88.73,17.47,NA
-88.7,17.47,NA
-88.67,17.47,NA
-88.64,17.47,NA
-88.61,17.47,NA
-88.58,17.47,NA
-88.55,17.47,NA
-88.52,17.47,4.77
-88.49,17.47,NA
-88.46,17.47,NA
-88.43,17.47,NA
-88.4,17.47,20.34
-88.37,17.47,4.23
-88.34,17.47,34.74
-88.31,17.47,170.82
-88.28,17.47,15.03
-88.25,17.47,119.61
-88.22,17.47,12.42
-88.19,17.47,NA
-88.16,17.47,NA
-88.13,17.47,NA
-88.1,17.47,NA
-88.07,17.47,0.18
-88.04,17.47,NA
-88.01,17.47,NA
-87.98,17.47,NA
-87.95,17.47,NA
-87.92,17.47,NA
-87.89,17.47,NA
-87.86,17.47,166.59
-87.83,17.47,29.16
-87.8,17.47,171.36
-87.77,17.47,NA
-87.74,17.47,NA
-87.71,17.47,NA
-87.68,17.47,NA
-87.65,17.47,NA
-87.62,17.47,NA
-87.59,17.47,NA
-87.56,17.47,NA
-87.53,17.47,NA
-87.5,17.47,NA
-87.47,17.47,NA
-87.44,17.47,NA
-87.41,17.47,NA
-88.97,17.44,NA
-88.94,17.44,NA
-88.91,17.44,NA
-88.88,17.44,NA
-88.85,17.44,NA
-88.82,17.44,NA
-88.79,17.44,NA
-88.76,17.44,NA
-88.73,17.44,NA
-88.7,17.44,NA
-88.67,17.44,NA
-88.64,17.44,NA
-88.61,17.44,NA
-88.58,17.44,NA
-88.55,17.44,NA
-88.52,17.44,NA
-88.49,17.44,NA
-88.46,17.44,NA
-88.43,17.44,NA
-88.4,17.44,NA
-88.37,17.44,NA
-88.34,17.44,NA
-88.31,17.44,64.98
-88.28,17.44,62.19
-88.25,17.44,202.23
-88.22,17.44,NA
-88.19,17.44,NA
-88.16,17.44,NA
-88.13,17.44,NA
-88.1,17.44,NA
-88.07,17.44,107.55
-88.04,17.44,NA
-88.01,17.44,NA
-87.98,17.44,NA
-87.95,17.44,NA
-87.92,17.44,NA
-87.89,17.44,39.87
-87.86,17.44,125.37
-87.83,17.44,323.01
-87.8,17.44,NA
-87.77,17.44,NA
-87.74,17.44,NA
-87.71,17.44,NA
-87.68,17.44,NA
-87.65,17.44,NA
-87.62,17.44,NA
-87.59,17.44,NA
-87.56,17.44,NA
-87.53,17.44,NA
-87.5,17.44,289.26
-87.47,17.44,17.82
-87.44,17.44,NA
-87.41,17.44,NA
-88.97,17.41,NA
-88.94,17.41,NA
-88.91,17.41,NA
-88.88,17.41,NA
-88.85,17.41,NA
-88.82,17.41,NA
-88.79,17.41,NA
-88.76,17.41,NA
-88.73,17.41,NA
-88.7,17.41,NA
-88.67,17.41,NA
-88.64,17.41,NA
-88.61,17.41,NA
-88.58,17.41,NA
-88.55,17.41,NA
-88.52,17.41,NA
-88.49,17.41,NA
-88.46,17.41,NA
-88.43,17.41,NA
-88.4,17.41,NA
-88.37,17.41,NA
-88.34,17.41,2.34
-88.31,17.41,173.61
-88.28,17.41,293.04
-88.25,17.41,78.3
-88.22,17.41,NA
-88.19,17.41,NA
-88.16,17.41,NA
-88.13,17.41,NA
-88.1,17.41,NA
-88.07,17.41,11.52
-88.04,17.41,NA
-88.01,17.41,NA
-87.98,17.41,NA
-87.95,17.41,NA
-87.92,17.41,32.85
-87.89,17.41,153.36
-87.86,17.41,NA
-87.83,17.41,119.16
-87.8,17.41,NA
-87.77,17.41,NA
-87.74,17.41,NA
-87.71,17.41,NA
-87.68,17.41,NA
-87.65,17.41,NA
-87.62,17.41,NA
-87.59,17.41,NA
-87.56,17.41,NA
-87.53,17.41,NA
-87.5,17.41,NA
-87.47,17.41,NA
-87.44,17.41,NA
-87.41,17.41,NA
-88.97,17.38,NA
-88.94,17.38,NA
-88.91,17.38,NA
-88.88,17.38,NA
-88.85,17.38,NA
-88.82,17.38,NA
-88.79,17.38,NA
-88.76,17.38,NA
-88.73,17.38,NA
-88.7,17.38,NA
-88.67,17.38,NA
-88.64,17.38,NA
-88.61,17.38,NA
-88.58,17.38,NA
-88.55,17.38,NA
-88.52,17.38,NA
-88.49,17.38,NA
-88.46,17.38,NA
-88.43,17.38,NA
-88.4,17.38,NA
-88.37,17.38,22.32
-88.34,17.38,110.88
-88.31,17.38,26.46
-88.28,17.38,482.49
-88.25,17.38,0.36
-88.22,17.38,NA
-88.19,17.38,NA
-88.16,17.38,NA
-88.13,17.38,NA
-88.1,17.38,NA
-88.07,17.38,NA
-88.04,17.38,NA
-88.01,17.38,NA
-87.98,17.38,NA
-87.95,17.38,NA
-87.92,17.38,79.47
-87.89,17.38,229.77
-87.86,17.38,NA
-87.83,17.38,22.95
-87.8,17.38,NA
-87.77,17.38,NA
-87.74,17.38,NA
-87.71,17.38,NA
-87.68,17.38,NA
-87.65,17.38,NA
-87.62,17.38,NA
-87.59,17.38,NA
-87.56,17.38,NA
-87.53,17.38,NA
-87.5,17.38,NA
-87.47,17.38,NA
-87.44,17.38,NA
-87.41,17.38,NA
-88.97,17.35,NA
-88.94,17.35,NA
-88.91,17.35,NA
-88.88,17.35,NA
-88.85,17.35,NA
-88.82,17.35,NA
-88.79,17.35,NA
-88.76,17.35,NA
-88.73,17.35,NA
-88.7,17.35,NA
-88.67,17.35,NA
-88.64,17.35,NA
-88.61,17.35,NA
-88.58,17.35,NA
-88.55,17.35,NA
-88.52,17.35,NA
-88.49,17.35,NA
-88.46,17.35,NA
-88.43,17.35,NA
-88.4,17.35,NA
-88.37,17.35,2.97
-88.34,17.35,65.25
-88.31,17.35,246.51
-88.28,17.35,436.05
-88.25,17.35,NA
-88.22,17.35,NA
-88.19,17.35,67.41
-88.16,17.35,67.41
-88.13,17.35,NA
-88.1,17.35,NA
-88.07,17.35,NA
-88.04,17.35,NA
-88.01,17.35,NA
-87.98,17.35,NA
-87.95,17.35,NA
-87.92,17.35,125.82
-87.89,17.35,178.11
-87.86,17.35,4.05
-87.83,17.35,NA
-87.8,17.35,22.68
-87.77,17.35,NA
-87.74,17.35,NA
-87.71,17.35,NA
-87.68,17.35,NA
-87.65,17.35,NA
-87.62,17.35,NA
-87.59,17.35,NA
-87.56,17.35,NA
-87.53,17.35,NA
-87.5,17.35,NA
-87.47,17.35,NA
-87.44,17.35,NA
-87.41,17.35,NA
-88.97,17.32,NA
-88.94,17.32,NA
-88.91,17.32,NA
-88.88,17.32,NA
-88.85,17.32,NA
-88.82,17.32,NA
-88.79,17.32,NA
-88.76,17.32,NA
-88.73,17.32,NA
-88.7,17.32,NA
-88.67,17.32,NA
-88.64,17.32,NA
-88.61,17.32,NA
-88.58,17.32,NA
-88.55,17.32,NA
-88.52,17.32,NA
-88.49,17.32,NA
-88.46,17.32,NA
-88.43,17.32,NA
-88.4,17.32,NA
-88.37,17.32,0.27
-88.34,17.32,27.99
-88.31,17.32,229.68
-88.28,17.32,293.85
-88.25,17.32,NA
-88.22,17.32,NA
-88.19,17.32,2.7
-88.16,17.32,2.7
-88.13,17.32,NA
-88.1,17.32,29.88
-88.07,17.32,NA
-88.04,17.32,NA
-88.01,17.32,NA
-87.98,17.32,NA
-87.95,17.32,NA
-87.92,17.32,231.12
-87.89,17.32,6.57
-87.86,17.32,38.16
-87.83,17.32,6.03
-87.8,17.32,49.5
-87.77,17.32,49.5
-87.74,17.32,NA
-87.71,17.32,NA
-87.68,17.32,NA
-87.65,17.32,NA
-87.62,17.32,NA
-87.59,17.32,NA
-87.56,17.32,NA
-87.53,17.32,NA
-87.5,17.32,NA
-87.47,17.32,NA
-87.44,17.32,NA
-87.41,17.32,NA
-88.97,17.29,NA
-88.94,17.29,NA
-88.91,17.29,NA
-88.88,17.29,NA
-88.85,17.29,NA
-88.82,17.29,NA
-88.79,17.29,NA
-88.76,17.29,NA
-88.73,17.29,NA
-88.7,17.29,NA
-88.67,17.29,NA
-88.64,17.29,NA
-88.61,17.29,NA
-88.58,17.29,NA
-88.55,17.29,NA
-88.52,17.29,NA
-88.49,17.29,NA
-88.46,17.29,NA
-88.43,17.29,NA
-88.4,17.29,NA
-88.37,17.29,0.27
-88.34,17.29,28.98
-88.31,17.29,229.68
-88.28,17.29,95.22
-88.25,17.29,NA
-88.22,17.29,NA
-88.19,17.29,NA
-88.16,17.29,NA
-88.13,17.29,NA
-88.1,17.29,245.34
-88.07,17.29,2.79
-88.04,17.29,NA
-88.01,17.29,NA
-87.98,17.29,NA
-87.95,17.29,15.12
-87.92,17.29,82.35
-87.89,17.29,3.78
-87.86,17.29,56.34
-87.83,17.29,374.4
-87.8,17.29,NA
-87.77,17.29,NA
-87.74,17.29,NA
-87.71,17.29,NA
-87.68,17.29,NA
-87.65,17.29,NA
-87.62,17.29,NA
-87.59,17.29,NA
-87.56,17.29,NA
-87.53,17.29,NA
-87.5,17.29,NA
-87.47,17.29,NA
-87.44,17.29,NA
-87.41,17.29,NA
-88.97,17.26,NA
-88.94,17.26,NA
-88.91,17.26,NA
-88.88,17.26,NA
-88.85,17.26,NA
-88.82,17.26,NA
-88.79,17.26,NA
-88.76,17.26,NA
-88.73,17.26,NA
-88.7,17.26,NA
-88.67,17.26,NA
-88.64,17.26,NA
-88.61,17.26,NA
-88.58,17.26,NA
-88.55,17.26,NA
-88.52,17.26,NA
-88.49,17.26,NA
-88.46,17.26,NA
-88.43,17.26,NA
-88.4,17.26,NA
-88.37,17.26,20.25
-88.34,17.26,38.25
-88.31,17.26,464.22
-88.28,17.26,NA
-88.25,17.26,NA
-88.22,17.26,NA
-88.19,17.26,NA
-88.16,17.26,NA
-88.13,17.26,NA
-88.1,17.26,NA
-88.07,17.26,NA
-88.04,17.26,NA
-88.01,17.26,NA
-87.98,17.26,NA
-87.95,17.26,86.67
-87.92,17.26,119.34
-87.89,17.26,4.05
-87.86,17.26,115.29
-87.83,17.26,271.35
-87.8,17.26,NA
-87.77,17.26,NA
-87.74,17.26,NA
-87.71,17.26,NA
-87.68,17.26,NA
-87.65,17.26,NA
-87.62,17.26,NA
-87.59,17.26,NA
-87.56,17.26,NA
-87.53,17.26,NA
-87.5,17.26,NA
-87.47,17.26,NA
-87.44,17.26,NA
-87.41,17.26,NA
-88.97,17.23,NA
-88.94,17.23,NA
-88.91,17.23,NA
-88.88,17.23,NA
-88.85,17.23,NA
-88.82,17.23,NA
-88.79,17.23,NA
-88.76,17.23,NA
-88.73,17.23,NA
-88.7,17.23,NA
-88.67,17.23,NA
-88.64,17.23,NA
-88.61,17.23,NA
-88.58,17.23,NA
-88.55,17.23,NA
-88.52,17.23,NA
-88.49,17.23,NA
-88.46,17.23,NA
-88.43,17.23,NA
-88.4,17.23,NA
-88.37,17.23,116.46
-88.34,17.23,180.9
-88.31,17.23,503.73
-88.28,17.23,NA
-88.25,17.23,NA
-88.22,17.23,NA
-88.19,17.23,NA
-88.16,17.23,NA
-88.13,17.23,NA
-88.1,17.23,NA
-88.07,17.23,NA
-88.04,17.23,NA
-88.01,17.23,NA
-87.98,17.23,NA
-87.95,17.23,79.11
-87.92,17.23,269.73
-87.89,17.23,179.55
-87.86,17.23,306.54
-87.83,17.23,NA
-87.8,17.23,NA
-87.77,17.23,NA
-87.74,17.23,NA
-87.71,17.23,NA
-87.68,17.23,NA
-87.65,17.23,NA
-87.62,17.23,NA
-87.59,17.23,212.85
-87.56,17.23,NA
-87.53,17.23,22.77
-87.5,17.23,NA
-87.47,17.23,NA
-87.44,17.23,NA
-87.41,17.23,NA
-88.97,17.2,NA
-88.94,17.2,NA
-88.91,17.2,NA
-88.88,17.2,NA
-88.85,17.2,NA
-88.82,17.2,NA
-88.79,17.2,NA
-88.76,17.2,NA
-88.73,17.2,NA
-88.7,17.2,NA
-88.67,17.2,NA
-88.64,17.2,NA
-88.61,17.2,NA
-88.58,17.2,NA
-88.55,17.2,NA
-88.52,17.2,NA
-88.49,17.2,NA
-88.46,17.2,NA
-88.43,17.2,NA
-88.4,17.2,NA
-88.37,17.2,245.16
-88.34,17.2,72.54
-88.31,17.2,383.4
-88.28,17.2,NA
-88.25,17.2,NA
-88.22,17.2,NA
-88.19,17.2,NA
-88.16,17.2,NA
-88.13,17.2,NA
-88.1,17.2,NA
-88.07,17.2,NA
-88.04,17.2,NA
-88.01,17.2,NA
-87.98,17.2,NA
-87.95,17.2,NA
-87.92,17.2,269.73
-87.89,17.2,11.7
-87.86,17.2,65.88
-87.83,17.2,NA
-87.8,17.2,NA
-87.77,17.2,NA
-87.74,17.2,NA
-87.71,17.2,NA
-87.68,17.2,NA
-87.65,17.2,NA
-87.62,17.2,4.05
-87.59,17.2,43.11
-87.56,17.2,NA
-87.53,17.2,NA
-87.5,17.2,NA
-87.47,17.2,NA
-87.44,17.2,NA
-87.41,17.2,NA
-88.97,17.17,NA
-88.94,17.17,NA
-88.91,17.17,NA
-88.88,17.17,NA
-88.85,17.17,NA
-88.82,17.17,NA
-88.79,17.17,NA
-88.76,17.17,NA
-88.73,17.17,NA
-88.7,17.17,NA
-88.67,17.17,NA
-88.64,17.17,NA
-88.61,17.17,NA
-88.58,17.17,NA
-88.55,17.17,NA
-88.52,17.17,NA
-88.49,17.17,NA
-88.46,17.17,NA
-88.43,17.17,NA
-88.4,17.17,NA
-88.37,17.17,2.79
-88.34,17.17,30.96
-88.31,17.17,319.86
-88.28,17.17,NA
-88.25,17.17,NA
-88.22,17.17,NA
-88.19,17.17,NA
-88.16,17.17,NA
-88.13,17.17,NA
-88.1,17.17,NA
-88.07,17.17,NA
-88.04,17.17,NA
-88.01,17.17,NA
-87.98,17.17,NA
-87.95,17.17,NA
-87.92,17.17,125.37
-87.89,17.17,42.93
-87.86,17.17,65.88
-87.83,17.17,NA
-87.8,17.17,NA
-87.77,17.17,NA
-87.74,17.17,NA
-87.71,17.17,NA
-87.68,17.17,NA
-87.65,17.17,NA
-87.62,17.17,NA
-87.59,17.17,NA
-87.56,17.17,NA
-87.53,17.17,NA
-87.5,17.17,NA
-87.47,17.17,NA
-87.44,17.17,NA
-87.41,17.17,NA
-88.97,17.14,NA
-88.94,17.14,NA
-88.91,17.14,NA
-88.88,17.14,NA
-88.85,17.14,NA
-88.82,17.14,NA
-88.79,17.14,NA
-88.76,17.14,NA
-88.73,17.14,NA
-88.7,17.14,NA
-88.67,17.14,NA
-88.64,17.14,NA
-88.61,17.14,NA
-88.58,17.14,NA
-88.55,17.14,NA
-88.52,17.14,NA
-88.49,17.14,NA
-88.46,17.14,NA
-88.43,17.14,NA
-88.4,17.14,NA
-88.37,17.14,NA
-88.34,17.14,NA
-88.31,17.14,49.32
-88.28,17.14,NA
-88.25,17.14,NA
-88.22,17.14,NA
-88.19,17.14,NA
-88.16,17.14,NA
-88.13,17.14,NA
-88.1,17.14,7.02
-88.07,17.14,14.4
-88.04,17.14,NA
-88.01,17.14,NA
-87.98,17.14,NA
-87.95,17.14,NA
-87.92,17.14,NA
-87.89,17.14,NA
-87.86,17.14,NA
-87.83,17.14,NA
-87.8,17.14,NA
-87.77,17.14,NA
-87.74,17.14,NA
-87.71,17.14,NA
-87.68,17.14,NA
-87.65,17.14,NA
-87.62,17.14,NA
-87.59,17.14,NA
-87.56,17.14,NA
-87.53,17.14,NA
-87.5,17.14,NA
-87.47,17.14,NA
-87.44,17.14,NA
-87.41,17.14,NA
-88.97,17.11,NA
-88.94,17.11,NA
-88.91,17.11,NA
-88.88,17.11,NA
-88.85,17.11,NA
-88.82,17.11,NA
-88.79,17.11,NA
-88.76,17.11,NA
-88.73,17.11,NA
-88.7,17.11,NA
-88.67,17.11,NA
-88.64,17.11,NA
-88.61,17.11,NA
-88.58,17.11,NA
-88.55,17.11,NA
-88.52,17.11,NA
-88.49,17.11,NA
-88.46,17.11,NA
-88.43,17.11,NA
-88.4,17.11,NA
-88.37,17.11,NA
-88.34,17.11,NA
-88.31,17.11,18.81
-88.28,17.11,51.75
-88.25,17.11,NA
-88.22,17.11,NA
-88.19,17.11,NA
-88.16,17.11,NA
-88.13,17.11,NA
-88.1,17.11,14.4
-88.07,17.11,NA
-88.04,17.11,NA
-88.01,17.11,NA
-87.98,17.11,NA
-87.95,17.11,NA
-87.92,17.11,NA
-87.89,17.11,NA
-87.86,17.11,NA
-87.83,17.11,NA
-87.8,17.11,NA
-87.77,17.11,NA
-87.74,17.11,NA
-87.71,17.11,NA
-87.68,17.11,NA
-87.65,17.11,NA
-87.62,17.11,NA
-87.59,17.11,NA
-87.56,17.11,NA
-87.53,17.11,NA
-87.5,17.11,NA
-87.47,17.11,NA
-87.44,17.11,NA
-87.41,17.11,NA
-88.97,17.08,NA
-88.94,17.08,NA
-88.91,17.08,NA
-88.88,17.08,NA
-88.85,17.08,NA
-88.82,17.08,NA
-88.79,17.08,NA
-88.76,17.08,NA
-88.73,17.08,NA
-88.7,17.08,NA
-88.67,17.08,NA
-88.64,17.08,NA
-88.61,17.08,NA
-88.58,17.08,NA
-88.55,17.08,NA
-88.52,17.08,NA
-88.49,17.08,NA
-88.46,17.08,NA
-88.43,17.08,NA
-88.4,17.08,NA
-88.37,17.08,NA
-88.34,17.08,NA
-88.31,17.08,1.17
-88.28,17.08,25.47
-88.25,17.08,NA
-88.22,17.08,NA
-88.19,17.08,NA
-88.16,17.08,NA
-88.13,17.08,NA
-88.1,17.08,NA
-88.07,17.08,37.89
-88.04,17.08,246.69
-88.01,17.08,NA
-87.98,17.08,NA
-87.95,17.08,NA
-87.92,17.08,NA
-87.89,17.08,NA
-87.86,17.08,NA
-87.83,17.08,NA
-87.8,17.08,NA
-87.77,17.08,NA
-87.74,17.08,NA
-87.71,17.08,NA
-87.68,17.08,NA
-87.65,17.08,NA
-87.62,17.08,NA
-87.59,17.08,NA
-87.56,17.08,NA
-87.53,17.08,NA
-87.5,17.08,NA
-87.47,17.08,NA
-87.44,17.08,NA
-87.41,17.08,NA
-88.97,17.05,NA
-88.94,17.05,NA
-88.91,17.05,NA
-88.88,17.05,NA
-88.85,17.05,NA
-88.82,17.05,NA
-88.79,17.05,NA
-88.76,17.05,NA
-88.73,17.05,NA
-88.7,17.05,NA
-88.67,17.05,NA
-88.64,17.05,NA
-88.61,17.05,NA
-88.58,17.05,NA
-88.55,17.05,NA
-88.52,17.05,NA
-88.49,17.05,NA
-88.46,17.05,NA
-88.43,17.05,NA
-88.4,17.05,NA
-88.37,17.05,NA
-88.34,17.05,NA
-88.31,17.05,NA
-88.28,17.05,34.83
-88.25,17.05,167.49
-88.22,17.05,7.11
-88.19,17.05,NA
-88.16,17.05,NA
-88.13,17.05,NA
-88.1,17.05,NA
-88.07,17.05,NA
-88.04,17.05,NA
-88.01,17.05,NA
-87.98,17.05,NA
-87.95,17.05,NA
-87.92,17.05,NA
-87.89,17.05,NA
-87.86,17.05,NA
-87.83,17.05,NA
-87.8,17.05,NA
-87.77,17.05,NA
-87.74,17.05,NA
-87.71,17.05,NA
-87.68,17.05,NA
-87.65,17.05,NA
-87.62,17.05,NA
-87.59,17.05,NA
-87.56,17.05,NA
-87.53,17.05,NA
-87.5,17.05,NA
-87.47,17.05,NA
-87.44,17.05,NA
-87.41,17.05,NA
-88.97,17.02,NA
-88.94,17.02,NA
-88.91,17.02,NA
-88.88,17.02,NA
-88.85,17.02,NA
-88.82,17.02,NA
-88.79,17.02,NA
-88.76,17.02,NA
-88.73,17.02,NA
-88.7,17.02,NA
-88.67,17.02,NA
-88.64,17.02,NA
-88.61,17.02,NA
-88.58,17.02,NA
-88.55,17.02,NA
-88.52,17.02,NA
-88.49,17.02,NA
-88.46,17.02,NA
-88.43,17.02,NA
-88.4,17.02,NA
-88.37,17.02,NA
-88.34,17.02,NA
-88.31,17.02,3.78
-88.28,17.02,18.99
-88.25,17.02,27.9
-88.22,17.02,NA
-88.19,17.02,NA
-88.16,17.02,NA
-88.13,17.02,NA
-88.1,17.02,NA
-88.07,17.02,NA
-88.04,17.02,NA
-88.01,17.02,NA
-87.98,17.02,NA
-87.95,17.02,NA
-87.92,17.02,NA
-87.89,17.02,NA
-87.86,17.02,NA
-87.83,17.02,NA
-87.8,17.02,NA
-87.77,17.02,NA
-87.74,17.02,NA
-87.71,17.02,NA
-87.68,17.02,NA
-87.65,17.02,NA
-87.62,17.02,NA
-87.59,17.02,NA
-87.56,17.02,NA
-87.53,17.02,NA
-87.5,17.02,NA
-87.47,17.02,NA
-87.44,17.02,NA
-87.41,17.02,NA
-88.97,16.99,NA
-88.94,16.99,NA
-88.91,16.99,NA
-88.88,16.99,NA
-88.85,16.99,NA
-88.82,16.99,NA
-88.79,16.99,NA
-88.76,16.99,NA
-88.73,16.99,NA
-88.7,16.99,NA
-88.67,16.99,NA
-88.64,16.99,NA
-88.61,16.99,NA
-88.58,16.99,NA
-88.55,16.99,NA
-88.52,16.99,NA
-88.49,16.99,NA
-88.46,16.99,NA
-88.43,16.99,NA
-88.4,16.99,NA
-88.37,16.99,NA
-88.34,16.99,NA
-88.31,16.99,NA
-88.28,16.99,NA
-88.25,16.99,5.58
-88.22,16.99,18.99
-88.19,16.99,NA
-88.16,16.99,NA
-88.13,16.99,0.81
-88.1,16.99,31.05
-88.07,16.99,47.79
-88.04,16.99,60.48
-88.01,16.99,NA
-87.98,16.99,NA
-87.95,16.99,NA
-87.92,16.99,NA
-87.89,16.99,NA
-87.86,16.99,NA
-87.83,16.99,NA
-87.8,16.99,NA
-87.77,16.99,NA
-87.74,16.99,NA
-87.71,16.99,NA
-87.68,16.99,NA
-87.65,16.99,NA
-87.62,16.99,NA
-87.59,16.99,NA
-87.56,16.99,NA
-87.53,16.99,NA
-87.5,16.99,NA
-87.47,16.99,NA
-87.44,16.99,NA
-87.41,16.99,NA
-88.97,16.96,NA
-88.94,16.96,NA
-88.91,16.96,NA
-88.88,16.96,NA
-88.85,16.96,NA
-88.82,16.96,NA
-88.79,16.96,NA
-88.76,16.96,NA
-88.73,16.96,NA
-88.7,16.96,NA
-88.67,16.96,NA
-88.64,16.96,NA
-88.61,16.96,NA
-88.58,16.96,NA
-88.55,16.96,NA
-88.52,16.96,NA
-88.49,16.96,NA
-88.46,16.96,NA
-88.43,16.96,NA
-88.4,16.96,NA
-88.37,16.96,NA
-88.34,16.96,NA
-88.31,16.96,NA
-88.28,16.96,NA
-88.25,16.96,NA
-88.22,16.96,84.87
-88.19,16.96,NA
-88.16,16.96,NA
-88.13,16.96,NA
-88.1,16.96,16.92
-88.07,16.96,NA
-88.04,16.96,7.92
-88.01,16.96,NA
-87.98,16.96,NA
-87.95,16.96,NA
-87.92,16.96,NA
-87.89,16.96,NA
-87.86,16.96,NA
-87.83,16.96,NA
-87.8,16.96,NA
-87.77,16.96,NA
-87.74,16.96,NA
-87.71,16.96,NA
-87.68,16.96,NA
-87.65,16.96,NA
-87.62,16.96,NA
-87.59,16.96,NA
-87.56,16.96,NA
-87.53,16.96,NA
-87.5,16.96,NA
-87.47,16.96,NA
-87.44,16.96,NA
-87.41,16.96,NA
-88.97,16.93,NA
-88.94,16.93,NA
-88.91,16.93,NA
-88.88,16.93,NA
-88.85,16.93,NA
-88.82,16.93,NA
-88.79,16.93,NA
-88.76,16.93,NA
-88.73,16.93,NA
-88.7,16.93,NA
-88.67,16.93,NA
-88.64,16.93,NA
-88.61,16.93,NA
-88.58,16.93,NA
-88.55,16.93,NA
-88.52,16.93,NA
-88.49,16.93,NA
-88.46,16.93,NA
-88.43,16.93,NA
-88.4,16.93,NA
-88.37,16.93,NA
-88.34,16.93,NA
-88.31,16.93,NA
-88.28,16.93,84.78
-88.25,16.93,176.13
-88.22,16.93,0.72
-88.19,16.93,NA
-88.16,16.93,NA
-88.13,16.93,NA
-88.1,16.93,NA
-88.07,16.93,NA
-88.04,16.93,NA
-88.01,16.93,NA
-87.98,16.93,NA
-87.95,16.93,NA
-87.92,16.93,NA
-87.89,16.93,NA
-87.86,16.93,NA
-87.83,16.93,NA
-87.8,16.93,NA
-87.77,16.93,NA
-87.74,16.93,NA
-87.71,16.93,NA
-87.68,16.93,NA
-87.65,16.93,NA
-87.62,16.93,NA
-87.59,16.93,NA
-87.56,16.93,NA
-87.53,16.93,NA
-87.5,16.93,NA
-87.47,16.93,NA
-87.44,16.93,NA
-87.41,16.93,NA
-88.97,16.9,NA
-88.94,16.9,NA
-88.91,16.9,NA
-88.88,16.9,NA
-88.85,16.9,NA
-88.82,16.9,NA
-88.79,16.9,NA
-88.76,16.9,NA
-88.73,16.9,NA
-88.7,16.9,NA
-88.67,16.9,NA
-88.64,16.9,NA
-88.61,16.9,NA
-88.58,16.9,NA
-88.55,16.9,NA
-88.52,16.9,NA
-88.49,16.9,NA
-88.46,16.9,NA
-88.43,16.9,NA
-88.4,16.9,NA
-88.37,16.9,NA
-88.34,16.9,NA
-88.31,16.9,7.11
-88.28,16.9,117.54
-88.25,16.9,NA
-88.22,16.9,NA
-88.19,16.9,NA
-88.16,16.9,NA
-88.13,16.9,NA
-88.1,16.9,89.28
-88.07,16.9,6.48
-88.04,16.9,NA
-88.01,16.9,NA
-87.98,16.9,NA
-87.95,16.9,NA
-87.92,16.9,NA
-87.89,16.9,NA
-87.86,16.9,NA
-87.83,16.9,NA
-87.8,16.9,NA
-87.77,16.9,NA
-87.74,16.9,NA
-87.71,16.9,NA
-87.68,16.9,NA
-87.65,16.9,NA
-87.62,16.9,NA
-87.59,16.9,NA
-87.56,16.9,NA
-87.53,16.9,NA
-87.5,16.9,NA
-87.47,16.9,NA
-87.44,16.9,NA
-87.41,16.9,NA
-88.97,16.87,NA
-88.94,16.87,NA
-88.91,16.87,NA
-88.88,16.87,NA
-88.85,16.87,NA
-88.82,16.87,NA
-88.79,16.87,NA
-88.76,16.87,NA
-88.73,16.87,NA
-88.7,16.87,NA
-88.67,16.87,NA
-88.64,16.87,NA
-88.61,16.87,NA
-88.58,16.87,NA
-88.55,16.87,NA
-88.52,16.87,NA
-88.49,16.87,NA
-88.46,16.87,NA
-88.43,16.87,NA
-88.4,16.87,NA
-88.37,16.87,NA
-88.34,16.87,NA
-88.31,16.87,50.22
-88.28,16.87,14.67
-88.25,16.87,NA
-88.22,16.87,NA
-88.19,16.87,NA
-88.16,16.87,NA
-88.13,16.87,NA
-88.1,16.87,70.74
-88.07,16.87,NA
-88.04,16.87,NA
-88.01,16.87,NA
-87.98,16.87,NA
-87.95,16.87,NA
-87.92,16.87,NA
-87.89,16.87,NA
-87.86,16.87,NA
-87.83,16.87,NA
-87.8,16.87,NA
-87.77,16.87,NA
-87.74,16.87,NA
-87.71,16.87,NA
-87.68,16.87,NA
-87.65,16.87,NA
-87.62,16.87,NA
-87.59,16.87,NA
-87.56,16.87,NA
-87.53,16.87,NA
-87.5,16.87,NA
-87.47,16.87,NA
-87.44,16.87,NA
-87.41,16.87,NA
-88.97,16.84,NA
-88.94,16.84,NA
-88.91,16.84,NA
-88.88,16.84,NA
-88.85,16.84,NA
-88.82,16.84,NA
-88.79,16.84,NA
-88.76,16.84,NA
-88.73,16.84,NA
-88.7,16.84,NA
-88.67,16.84,NA
-88.64,16.84,NA
-88.61,16.84,NA
-88.58,16.84,NA
-88.55,16.84,NA
-88.52,16.84,NA
-88.49,16.84,NA
-88.46,16.84,NA
-88.43,16.84,NA
-88.4,16.84,NA
-88.37,16.84,NA
-88.34,16.84,NA
-88.31,16.84,NA
-88.28,16.84,22.5
-88.25,16.84,2.07
-88.22,16.84,NA
-88.19,16.84,NA
-88.16,16.84,NA
-88.13,16.84,NA
-88.1,16.84,NA
-88.07,16.84,NA
-88.04,16.84,NA
-88.01,16.84,NA
-87.98,16.84,NA
-87.95,16.84,NA
-87.92,16.84,NA
-87.89,16.84,NA
-87.86,16.84,NA
-87.83,16.84,NA
-87.8,16.84,NA
-87.77,16.84,NA
-87.74,16.84,NA
-87.71,16.84,NA
-87.68,16.84,NA
-87.65,16.84,NA
-87.62,16.84,NA
-87.59,16.84,NA
-87.56,16.84,NA
-87.53,16.84,NA
-87.5,16.84,NA
-87.47,16.84,NA
-87.44,16.84,NA
-87.41,16.84,NA
-88.97,16.81,NA
-88.94,16.81,NA
-88.91,16.81,NA
-88.88,16.81,NA
-88.85,16.81,NA
-88.82,16.81,NA
-88.79,16.81,NA
-88.76,16.81,NA
-88.73,16.81,NA
-88.7,16.81,NA
-88.67,16.81,NA
-88.64,16.81,NA
-88.61,16.81,NA
-88.58,16.81,NA
-88.55,16.81,NA
-88.52,16.81,NA
-88.49,16.81,NA
-88.46,16.81,NA
-88.43,16.81,NA
-88.4,16.81,NA
-88.37,16.81,NA
-88.34,16.81,NA
-88.31,16.81,NA
-88.28,16.81,198.9
-88.25,16.81,126.99
-88.22,16.81,NA
-88.19,16.81,NA
-88.16,16.81,7.56
-88.13,16.81,2.25
-88.1,16.81,2.52
-88.07,16.81,NA
-88.04,16.81,NA
-88.01,16.81,NA
-87.98,16.81,NA
-87.95,16.81,NA
-87.92,16.81,NA
-87.89,16.81,NA
-87.86,16.81,NA
-87.83,16.81,NA
-87.8,16.81,NA
-87.77,16.81,NA
-87.74,16.81,NA
-87.71,16.81,NA
-87.68,16.81,NA
-87.65,16.81,NA
-87.62,16.81,NA
-87.59,16.81,NA
-87.56,16.81,NA
-87.53,16.81,NA
-87.5,16.81,NA
-87.47,16.81,NA
-87.44,16.81,NA
-87.41,16.81,NA
-88.97,16.78,NA
-88.94,16.78,NA
-88.91,16.78,NA
-88.88,16.78,NA
-88.85,16.78,NA
-88.82,16.78,NA
-88.79,16.78,NA
-88.76,16.78,NA
-88.73,16.78,NA
-88.7,16.78,NA
-88.67,16.78,NA
-88.64,16.78,NA
-88.61,16.78,NA
-88.58,16.78,NA
-88.55,16.78,NA
-88.52,16.78,NA
-88.49,16.78,NA
-88.46,16.78,NA
-88.43,16.78,NA
-88.4,16.78,NA
-88.37,16.78,NA
-88.34,16.78,68.58
-88.31,16.78,24.12
-88.28,16.78,NA
-88.25,16.78,NA
-88.22,16.78,NA
-88.19,16.78,NA
-88.16,16.78,4.23
-88.13,16.78,8.46
-88.1,16.78,NA
-88.07,16.78,NA
-88.04,16.78,NA
-88.01,16.78,NA
-87.98,16.78,NA
-87.95,16.78,NA
-87.92,16.78,NA
-87.89,16.78,NA
-87.86,16.78,NA
-87.83,16.78,NA
-87.8,16.78,NA
-87.77,16.78,NA
-87.74,16.78,NA
-87.71,16.78,NA
-87.68,16.78,NA
-87.65,16.78,NA
-87.62,16.78,NA
-87.59,16.78,NA
-87.56,16.78,NA
-87.53,16.78,NA
-87.5,16.78,NA
-87.47,16.78,NA
-87.44,16.78,NA
-87.41,16.78,NA
-88.97,16.75,NA
-88.94,16.75,NA
-88.91,16.75,NA
-88.88,16.75,NA
-88.85,16.75,NA
-88.82,16.75,NA
-88.79,16.75,NA
-88.76,16.75,NA
-88.73,16.75,NA
-88.7,16.75,NA
-88.67,16.75,NA
-88.64,16.75,NA
-88.61,16.75,NA
-88.58,16.75,NA
-88.55,16.75,NA
-88.52,16.75,NA
-88.49,16.75,NA
-88.46,16.75,NA
-88.43,16.75,NA
-88.4,16.75,NA
-88.37,16.75,NA
-88.34,16.75,17.19
-88.31,16.75,114.12
-88.28,16.75,NA
-88.25,16.75,NA
-88.22,16.75,NA
-88.19,16.75,NA
-88.16,16.75,NA
-88.13,16.75,7.02
-88.1,16.75,NA
-88.07,16.75,NA
-88.04,16.75,NA
-88.01,16.75,NA
-87.98,16.75,NA
-87.95,16.75,NA
-87.92,16.75,NA
-87.89,16.75,NA
-87.86,16.75,NA
-87.83,16.75,NA
-87.8,16.75,3.33
-87.77,16.75,1.98
-87.74,16.75,NA
-87.71,16.75,NA
-87.68,16.75,NA
-87.65,16.75,NA
-87.62,16.75,NA
-87.59,16.75,NA
-87.56,16.75,NA
-87.53,16.75,NA
-87.5,16.75,NA
-87.47,16.75,NA
-87.44,16.75,NA
-87.41,16.75,NA
-88.97,16.72,NA
-88.94,16.72,NA
-88.91,16.72,NA
-88.88,16.72,NA
-88.85,16.72,NA
-88.82,16.72,NA
-88.79,16.72,NA
-88.76,16.72,NA
-88.73,16.72,NA
-88.7,16.72,NA
-88.67,16.72,NA
-88.64,16.72,NA
-88.61,16.72,NA
-88.58,16.72,NA
-88.55,16.72,NA
-88.52,16.72,NA
-88.49,16.72,NA
-88.46,16.72,NA
-88.43,16.72,NA
-88.4,16.72,NA
-88.37,16.72,NA
-88.34,16.72,NA
-88.31,16.72,28.89
-88.28,16.72,NA
-88.25,16.72,NA
-88.22,16.72,NA
-88.19,16.72,NA
-88.16,16.72,23.04
-88.13,16.72,4.59
-88.1,16.72,NA
-88.07,16.72,NA
-88.04,16.72,NA
-88.01,16.72,NA
-87.98,16.72,NA
-87.95,16.72,NA
-87.92,16.72,NA
-87.89,16.72,NA
-87.86,16.72,NA
-87.83,16.72,57.33
-87.8,16.72,NA
-87.77,16.72,NA
-87.74,16.72,NA
-87.71,16.72,NA
-87.68,16.72,NA
-87.65,16.72,NA
-87.62,16.72,NA
-87.59,16.72,NA
-87.56,16.72,NA
-87.53,16.72,NA
-87.5,16.72,NA
-87.47,16.72,NA
-87.44,16.72,NA
-87.41,16.72,NA
-88.97,16.69,NA
-88.94,16.69,NA
-88.91,16.69,NA
-88.88,16.69,NA
-88.85,16.69,NA
-88.82,16.69,NA
-88.79,16.69,NA
-88.76,16.69,NA
-88.73,16.69,NA
-88.7,16.69,NA
-88.67,16.69,NA
-88.64,16.69,NA
-88.61,16.69,NA
-88.58,16.69,NA
-88.55,16.69,NA
-88.52,16.69,NA
-88.49,16.69,NA
-88.46,16.69,NA
-88.43,16.69,NA
-88.4,16.69,NA
-88.37,16.69,NA
-88.34,16.69,27.99
-88.31,16.69,71.46
-88.28,16.69,NA
-88.25,16.69,NA
-88.22,16.69,NA
-88.19,16.69,15.3
-88.16,16.69,24.75
-88.13,16.69,NA
-88.1,16.69,NA
-88.07,16.69,NA
-88.04,16.69,NA
-88.01,16.69,NA
-87.98,16.69,NA
-87.95,16.69,NA
-87.92,16.69,NA
-87.89,16.69,NA
-87.86,16.69,NA
-87.83,16.69,NA
-87.8,16.69,NA
-87.77,16.69,NA
-87.74,16.69,NA
-87.71,16.69,NA
-87.68,16.69,NA
-87.65,16.69,NA
-87.62,16.69,NA
-87.59,16.69,NA
-87.56,16.69,NA
-87.53,16.69,NA
-87.5,16.69,NA
-87.47,16.69,NA
-87.44,16.69,NA
-87.41,16.69,NA
-88.97,16.66,NA
-88.94,16.66,NA
-88.91,16.66,NA
-88.88,16.66,NA
-88.85,16.66,NA
-88.82,16.66,NA
-88.79,16.66,NA
-88.76,16.66,NA
-88.73,16.66,NA
-88.7,16.66,NA
-88.67,16.66,NA
-88.64,16.66,NA
-88.61,16.66,NA
-88.58,16.66,NA
-88.55,16.66,NA
-88.52,16.66,NA
-88.49,16.66,NA
-88.46,16.66,NA
-88.43,16.66,NA
-88.4,16.66,NA
-88.37,16.66,0.09
-88.34,16.66,75.15
-88.31,16.66,18
-88.28,16.66,NA
-88.25,16.66,NA
-88.22,16.66,2.88
-88.19,16.66,67.86
-88.16,16.66,27.63
-88.13,16.66,NA
-88.1,16.66,NA
-88.07,16.66,NA
-88.04,16.66,NA
-88.01,16.66,NA
-87.98,16.66,NA
-87.95,16.66,NA
-87.92,16.66,NA
-87.89,16.66,NA
-87.86,16.66,NA
-87.83,16.66,NA
-87.8,16.66,NA
-87.77,16.66,NA
-87.74,16.66,NA
-87.71,16.66,NA
-87.68,16.66,NA
-87.65,16.66,NA
-87.62,16.66,NA
-87.59,16.66,NA
-87.56,16.66,NA
-87.53,16.66,NA
-87.5,16.66,NA
-87.47,16.66,NA
-87.44,16.66,NA
-87.41,16.66,NA
-88.97,16.63,NA
-88.94,16.63,NA
-88.91,16.63,NA
-88.88,16.63,NA
-88.85,16.63,NA
-88.82,16.63,NA
-88.79,16.63,NA
-88.76,16.63,NA
-88.73,16.63,NA
-88.7,16.63,NA
-88.67,16.63,NA
-88.64,16.63,NA
-88.61,16.63,NA
-88.58,16.63,NA
-88.55,16.63,NA
-88.52,16.63,NA
-88.49,16.63,NA
-88.46,16.63,NA
-88.43,16.63,NA
-88.4,16.63,NA
-88.37,16.63,76.68
-88.34,16.63,75.15
-88.31,16.63,NA
-88.28,16.63,NA
-88.25,16.63,NA
-88.22,16.63,NA
-88.19,16.63,33.66
-88.16,16.63,NA
-88.13,16.63,NA
-88.1,16.63,NA
-88.07,16.63,NA
-88.04,16.63,NA
-88.01,16.63,NA
-87.98,16.63,NA
-87.95,16.63,NA
-87.92,16.63,NA
-87.89,16.63,NA
-87.86,16.63,NA
-87.83,16.63,NA
-87.8,16.63,NA
-87.77,16.63,NA
-87.74,16.63,NA
-87.71,16.63,NA
-87.68,16.63,NA
-87.65,16.63,NA
-87.62,16.63,NA
-87.59,16.63,NA
-87.56,16.63,NA
-87.53,16.63,NA
-87.5,16.63,NA
-87.47,16.63,NA
-87.44,16.63,NA
-87.41,16.63,NA
-88.97,16.6,NA
-88.94,16.6,NA
-88.91,16.6,NA
-88.88,16.6,NA
-88.85,16.6,NA
-88.82,16.6,NA
-88.79,16.6,NA
-88.76,16.6,NA
-88.73,16.6,NA
-88.7,16.6,NA
-88.67,16.6,NA
-88.64,16.6,NA
-88.61,16.6,NA
-88.58,16.6,NA
-88.55,16.6,NA
-88.52,16.6,NA
-88.49,16.6,NA
-88.46,16.6,NA
-88.43,16.6,NA
-88.4,16.6,81.99
-88.37,16.6,91.71
-88.34,16.6,20.79
-88.31,16.6,NA
-88.28,16.6,NA
-88.25,16.6,NA
-88.22,16.6,NA
-88.19,16.6,NA
-88.16,16.6,NA
-88.13,16.6,3.42
-88.1,16.6,NA
-88.07,16.6,NA
-88.04,16.6,NA
-88.01,16.6,NA
-87.98,16.6,NA
-87.95,16.6,NA
-87.92,16.6,NA
-87.89,16.6,NA
-87.86,16.6,NA
-87.83,16.6,NA
-87.8,16.6,NA
-87.77,16.6,NA
-87.74,16.6,NA
-87.71,16.6,NA
-87.68,16.6,NA
-87.65,16.6,NA
-87.62,16.6,NA
-87.59,16.6,NA
-87.56,16.6,NA
-87.53,16.6,NA
-87.5,16.6,NA
-87.47,16.6,NA
-87.44,16.6,NA
-87.41,16.6,NA
-88.97,16.57,NA
-88.94,16.57,NA
-88.91,16.57,NA
-88.88,16.57,NA
-88.85,16.57,NA
-88.82,16.57,NA
-88.79,16.57,NA
-88.76,16.57,NA
-88.73,16.57,NA
-88.7,16.57,NA
-88.67,16.57,NA
-88.64,16.57,NA
-88.61,16.57,NA
-88.58,16.57,NA
-88.55,16.57,NA
-88.52,16.57,NA
-88.49,16.57,NA
-88.46,16.57,NA
-88.43,16.57,54.99
-88.4,16.57,194.76
-88.37,16.57,109.53
-88.34,16.57,3.69
-88.31,16.57,NA
-88.28,16.57,NA
-88.25,16.57,NA
-88.22,16.57,NA
-88.19,16.57,19.17
-88.16,16.57,NA
-88.13,16.57,12.87
-88.1,16.57,0.27
-88.07,16.57,0.27
-88.04,16.57,NA
-88.01,16.57,NA
-87.98,16.57,NA
-87.95,16.57,NA
-87.92,16.57,NA
-87.89,16.57,NA
-87.86,16.57,NA
-87.83,16.57,NA
-87.8,16.57,NA
-87.77,16.57,NA
-87.74,16.57,NA
-87.71,16.57,NA
-87.68,16.57,NA
-87.65,16.57,NA
-87.62,16.57,NA
-87.59,16.57,NA
-87.56,16.57,NA
-87.53,16.57,NA
-87.5,16.57,NA
-87.47,16.57,NA
-87.44,16.57,NA
-87.41,16.57,NA
-88.97,16.54,NA
-88.94,16.54,NA
-88.91,16.54,NA
-88.88,16.54,NA
-88.85,16.54,NA
-88.82,16.54,NA
-88.79,16.54,NA
-88.76,16.54,NA
-88.73,16.54,NA
-88.7,16.54,NA
-88.67,16.54,NA
-88.64,16.54,NA
-88.61,16.54,NA
-88.58,16.54,NA
-88.55,16.54,NA
-88.52,16.54,NA
-88.49,16.54,NA
-88.46,16.54,NA
-88.43,16.54,19.98
-88.4,16.54,284.58
-88.37,16.54,22.68
-88.34,16.54,NA
-88.31,16.54,NA
-88.28,16.54,NA
-88.25,16.54,NA
-88.22,16.54,1.26
-88.19,16.54,NA
-88.16,16.54,NA
-88.13,16.54,NA
-88.1,16.54,13.86
-88.07,16.54,13.86
-88.04,16.54,NA
-88.01,16.54,NA
-87.98,16.54,NA
-87.95,16.54,NA
-87.92,16.54,NA
-87.89,16.54,NA
-87.86,16.54,NA
-87.83,16.54,NA
-87.8,16.54,NA
-87.77,16.54,NA
-87.74,16.54,NA
-87.71,16.54,NA
-87.68,16.54,NA
-87.65,16.54,NA
-87.62,16.54,NA
-87.59,16.54,NA
-87.56,16.54,NA
-87.53,16.54,NA
-87.5,16.54,NA
-87.47,16.54,NA
-87.44,16.54,NA
-87.41,16.54,NA
-88.97,16.51,NA
-88.94,16.51,NA
-88.91,16.51,NA
-88.88,16.51,NA
-88.85,16.51,NA
-88.82,16.51,NA
-88.79,16.51,NA
-88.76,16.51,NA
-88.73,16.51,NA
-88.7,16.51,NA
-88.67,16.51,NA
-88.64,16.51,NA
-88.61,16.51,NA
-88.58,16.51,NA
-88.55,16.51,NA
-88.52,16.51,NA
-88.49,16.51,NA
-88.46,16.51,NA
-88.43,16.51,148.32
-88.4,16.51,122.76
-88.37,16.51,2.52
-88.34,16.51,NA
-88.31,16.51,NA
-88.28,16.51,4.59
-88.25,16.51,9.18
-88.22,16.51,0.45
-88.19,16.51,15.75
-88.16,16.51,NA
-88.13,16.51,NA
-88.1,16.51,NA
-88.07,16.51,NA
-88.04,16.51,NA
-88.01,16.51,NA
-87.98,16.51,NA
-87.95,16.51,NA
-87.92,16.51,NA
-87.89,16.51,NA
-87.86,16.51,NA
-87.83,16.51,NA
-87.8,16.51,NA
-87.77,16.51,NA
-87.74,16.51,NA
-87.71,16.51,NA
-87.68,16.51,NA
-87.65,16.51,NA
-87.62,16.51,NA
-87.59,16.51,NA
-87.56,16.51,NA
-87.53,16.51,NA
-87.5,16.51,NA
-87.47,16.51,NA
-87.44,16.51,NA
-87.41,16.51,NA
-88.97,16.48,NA
-88.94,16.48,NA
-88.91,16.48,NA
-88.88,16.48,NA
-88.85,16.48,NA
-88.82,16.48,NA
-88.79,16.48,NA
-88.76,16.48,NA
-88.73,16.48,NA
-88.7,16.48,NA
-88.67,16.48,NA
-88.64,16.48,NA
-88.61,16.48,NA
-88.58,16.48,NA
-88.55,16.48,NA
-88.52,16.48,NA
-88.49,16.48,NA
-88.46,16.48,NA
-88.43,16.48,155.07
-88.4,16.48,29.25
-88.37,16.48,NA
-88.34,16.48,4.59
-88.31,16.48,3.15
-88.28,16.48,1.26
-88.25,16.48,1.17
-88.22,16.48,13.5
-88.19,16.48,NA
-88.16,16.48,NA
-88.13,16.48,NA
-88.1,16.48,NA
-88.07,16.48,NA
-88.04,16.48,NA
-88.01,16.48,NA
-87.98,16.48,NA
-87.95,16.48,NA
-87.92,16.48,NA
-87.89,16.48,NA
-87.86,16.48,NA
-87.83,16.48,NA
-87.8,16.48,NA
-87.77,16.48,NA
-87.74,16.48,NA
-87.71,16.48,NA
-87.68,16.48,NA
-87.65,16.48,NA
-87.62,16.48,NA
-87.59,16.48,NA
-87.56,16.48,NA
-87.53,16.48,NA
-87.5,16.48,NA
-87.47,16.48,NA
-87.44,16.48,NA
-87.41,16.48,NA
-88.97,16.45,NA
-88.94,16.45,NA
-88.91,16.45,NA
-88.88,16.45,NA
-88.85,16.45,NA
-88.82,16.45,NA
-88.79,16.45,NA
-88.76,16.45,NA
-88.73,16.45,NA
-88.7,16.45,NA
-88.67,16.45,NA
-88.64,16.45,NA
-88.61,16.45,NA
-88.58,16.45,NA
-88.55,16.45,NA
-88.52,16.45,NA
-88.49,16.45,NA
-88.46,16.45,83.61
-88.43,16.45,114.21
-88.4,16.45,NA
-88.37,16.45,NA
-88.34,16.45,NA
-88.31,16.45,NA
-88.28,16.45,NA
-88.25,16.45,NA
-88.22,16.45,NA
-88.19,16.45,0.36
-88.16,16.45,NA
-88.13,16.45,NA
-88.1,16.45,1.44
-88.07,16.45,1.44
-88.04,16.45,NA
-88.01,16.45,NA
-87.98,16.45,NA
-87.95,16.45,NA
-87.92,16.45,NA
-87.89,16.45,NA
-87.86,16.45,NA
-87.83,16.45,NA
-87.8,16.45,NA
-87.77,16.45,NA
-87.74,16.45,NA
-87.71,16.45,NA
-87.68,16.45,NA
-87.65,16.45,NA
-87.62,16.45,NA
-87.59,16.45,NA
-87.56,16.45,NA
-87.53,16.45,NA
-87.5,16.45,NA
-87.47,16.45,NA
-87.44,16.45,NA
-87.41,16.45,NA
-88.97,16.42,NA
-88.94,16.42,NA
-88.91,16.42,NA
-88.88,16.42,NA
-88.85,16.42,NA
-88.82,16.42,NA
-88.79,16.42,NA
-88.76,16.42,NA
-88.73,16.42,NA
-88.7,16.42,NA
-88.67,16.42,NA
-88.64,16.42,NA
-88.61,16.42,NA
-88.58,16.42,NA
-88.55,16.42,NA
-88.52,16.42,NA
-88.49,16.42,NA
-88.46,16.42,149.94
-88.43,16.42,NA
-88.4,16.42,NA
-88.37,16.42,NA
-88.34,16.42,NA
-88.31,16.42,NA
-88.28,16.42,NA
-88.25,16.42,NA
-88.22,16.42,NA
-88.19,16.42,NA
-88.16,16.42,NA
-88.13,16.42,NA
-88.1,16.42,NA
-88.07,16.42,NA
-88.04,16.42,NA
-88.01,16.42,NA
-87.98,16.42,NA
-87.95,16.42,NA
-87.92,16.42,NA
-87.89,16.42,NA
-87.86,16.42,NA
-87.83,16.42,NA
-87.8,16.42,NA
-87.77,16.42,NA
-87.74,16.42,NA
-87.71,16.42,NA
-87.68,16.42,NA
-87.65,16.42,NA
-87.62,16.42,NA
-87.59,16.42,NA
-87.56,16.42,NA
-87.53,16.42,NA
-87.5,16.42,NA
-87.47,16.42,NA
-87.44,16.42,NA
-87.41,16.42,NA
-88.97,16.39,NA
-88.94,16.39,NA
-88.91,16.39,NA
-88.88,16.39,NA
-88.85,16.39,NA
-88.82,16.39,NA
-88.79,16.39,NA
-88.76,16.39,NA
-88.73,16.39,NA
-88.7,16.39,NA
-88.67,16.39,NA
-88.64,16.39,NA
-88.61,16.39,NA
-88.58,16.39,NA
-88.55,16.39,NA
-88.52,16.39,NA
-88.49,16.39,22.77
-88.46,16.39,100.89
-88.43,16.39,NA
-88.4,16.39,NA
-88.37,16.39,NA
-88.34,16.39,NA
-88.31,16.39,NA
-88.28,16.39,NA
-88.25,16.39,NA
-88.22,16.39,NA
-88.19,16.39,NA
-88.16,16.39,NA
-88.13,16.39,NA
-88.1,16.39,NA
-88.07,16.39,NA
-88.04,16.39,NA
-88.01,16.39,NA
-87.98,16.39,NA
-87.95,16.39,NA
-87.92,16.39,NA
-87.89,16.39,NA
-87.86,16.39,NA
-87.83,16.39,NA
-87.8,16.39,NA
-87.77,16.39,NA
-87.74,16.39,NA
-87.71,16.39,NA
-87.68,16.39,NA
-87.65,16.39,NA
-87.62,16.39,NA
-87.59,16.39,NA
-87.56,16.39,NA
-87.53,16.39,NA
-87.5,16.39,NA
-87.47,16.39,NA
-87.44,16.39,NA
-87.41,16.39,NA
-88.97,16.36,NA
-88.94,16.36,NA
-88.91,16.36,NA
-88.88,16.36,NA
-88.85,16.36,NA
-88.82,16.36,NA
-88.79,16.36,NA
-88.76,16.36,NA
-88.73,16.36,NA
-88.7,16.36,10.8
-88.67,16.36,20.88
-88.64,16.36,5.22
-88.61,16.36,NA
-88.58,16.36,NA
-88.55,16.36,NA
-88.52,16.36,NA
-88.49,16.36,31.59
-88.46,16.36,NA
-88.43,16.36,NA
-88.4,16.36,NA
-88.37,16.36,NA
-88.34,16.36,NA
-88.31,16.36,NA
-88.28,16.36,NA
-88.25,16.36,NA
-88.22,16.36,NA
-88.19,16.36,NA
-88.16,16.36,NA
-88.13,16.36,NA
-88.1,16.36,NA
-88.07,16.36,NA
-88.04,16.36,NA
-88.01,16.36,NA
-87.98,16.36,NA
-87.95,16.36,NA
-87.92,16.36,NA
-87.89,16.36,NA
-87.86,16.36,NA
-87.83,16.36,NA
-87.8,16.36,NA
-87.77,16.36,NA
-87.74,16.36,NA
-87.71,16.36,NA
-87.68,16.36,NA
-87.65,16.36,NA
-87.62,16.36,NA
-87.59,16.36,NA
-87.56,16.36,NA
-87.53,16.36,NA
-87.5,16.36,NA
-87.47,16.36,NA
-87.44,16.36,NA
-87.41,16.36,NA
-88.97,16.33,NA
-88.94,16.33,NA
-88.91,16.33,NA
-88.88,16.33,NA
-88.85,16.33,NA
-88.82,16.33,NA
-88.79,16.33,NA
-88.76,16.33,NA
-88.73,16.33,NA
-88.7,16.33,252.72
-88.67,16.33,357.75
-88.64,16.33,43.11
-88.61,16.33,14.94
-88.58,16.33,44.1
-88.55,16.33,NA
-88.52,16.33,4.32
-88.49,16.33,24.39
-88.46,16.33,NA
-88.43,16.33,NA
-88.4,16.33,NA
-88.37,16.33,NA
-88.34,16.33,NA
-88.31,16.33,NA
-88.28,16.33,NA
-88.25,16.33,NA
-88.22,16.33,NA
-88.19,16.33,NA
-88.16,16.33,NA
-88.13,16.33,1.08
-88.1,16.33,NA
-88.07,16.33,NA
-88.04,16.33,NA
-88.01,16.33,NA
-87.98,16.33,NA
-87.95,16.33,NA
-87.92,16.33,NA
-87.89,16.33,NA
-87.86,16.33,NA
-87.83,16.33,NA
-87.8,16.33,NA
-87.77,16.33,NA
-87.74,16.33,NA
-87.71,16.33,NA
-87.68,16.33,NA
-87.65,16.33,NA
-87.62,16.33,NA
-87.59,16.33,NA
-87.56,16.33,NA
-87.53,16.33,NA
-87.5,16.33,NA
-87.47,16.33,NA
-87.44,16.33,NA
-87.41,16.33,NA
-88.97,16.3,NA
-88.94,16.3,NA
-88.91,16.3,NA
-88.88,16.3,NA
-88.85,16.3,NA
-88.82,16.3,NA
-88.79,16.3,NA
-88.76,16.3,NA
-88.73,16.3,NA
-88.7,16.3,187.56
-88.67,16.3,567.72
-88.64,16.3,469.89
-88.61,16.3,83.7
-88.58,16.3,182.79
-88.55,16.3,NA
-88.52,16.3,NA
-88.49,16.3,NA
-88.46,16.3,NA
-88.43,16.3,NA
-88.4,16.3,NA
-88.37,16.3,NA
-88.34,16.3,NA
-88.31,16.3,NA
-88.28,16.3,NA
-88.25,16.3,NA
-88.22,16.3,NA
-88.19,16.3,NA
-88.16,16.3,NA
-88.13,16.3,NA
-88.1,16.3,NA
-88.07,16.3,NA
-88.04,16.3,NA
-88.01,16.3,NA
-87.98,16.3,NA
-87.95,16.3,NA
-87.92,16.3,NA
-87.89,16.3,NA
-87.86,16.3,NA
-87.83,16.3,NA
-87.8,16.3,NA
-87.77,16.3,NA
-87.74,16.3,NA
-87.71,16.3,NA
-87.68,16.3,NA
-87.65,16.3,NA
-87.62,16.3,NA
-87.59,16.3,NA
-87.56,16.3,NA
-87.53,16.3,NA
-87.5,16.3,NA
-87.47,16.3,NA
-87.44,16.3,NA
-87.41,16.3,NA
-88.97,16.27,NA
-88.94,16.27,NA
-88.91,16.27,NA
-88.88,16.27,NA
-88.85,16.27,NA
-88.82,16.27,NA
-88.79,16.27,NA
-88.76,16.27,NA
-88.73,16.27,20.52
-88.7,16.27,314.73
-88.67,16.27,260.46
-88.64,16.27,NA
-88.61,16.27,380.25
-88.58,16.27,98.1
-88.55,16.27,NA
-88.52,16.27,NA
-88.49,16.27,NA
-88.46,16.27,NA
-88.43,16.27,NA
-88.4,16.27,NA
-88.37,16.27,NA
-88.34,16.27,NA
-88.31,16.27,NA
-88.28,16.27,NA
-88.25,16.27,NA
-88.22,16.27,NA
-88.19,16.27,NA
-88.16,16.27,NA
-88.13,16.27,NA
-88.1,16.27,NA
-88.07,16.27,NA
-88.04,16.27,NA
-88.01,16.27,NA
-87.98,16.27,NA
-87.95,16.27,NA
-87.92,16.27,NA
-87.89,16.27,NA
-87.86,16.27,NA
-87.83,16.27,NA
-87.8,16.27,NA
-87.77,16.27,NA
-87.74,16.27,NA
-87.71,16.27,NA
-87.68,16.27,NA
-87.65,16.27,NA
-87.62,16.27,NA
-87.59,16.27,NA
-87.56,16.27,NA
-87.53,16.27,NA
-87.5,16.27,NA
-87.47,16.27,NA
-87.44,16.27,NA
-87.41,16.27,NA
-88.97,16.24,NA
-88.94,16.24,NA
-88.91,16.24,NA
-88.88,16.24,NA
-88.85,16.24,NA
-88.82,16.24,NA
-88.79,16.24,NA
-88.76,16.24,53.37
-88.73,16.24,352.8
-88.7,16.24,39.33
-88.67,16.24,90.54
-88.64,16.24,68.22
-88.61,16.24,41.76
-88.58,16.24,43.56
-88.55,16.24,NA
-88.52,16.24,NA
-88.49,16.24,NA
-88.46,16.24,NA
-88.43,16.24,NA
-88.4,16.24,NA
-88.37,16.24,NA
-88.34,16.24,NA
-88.31,16.24,NA
-88.28,16.24,NA
-88.25,16.24,NA
-88.22,16.24,NA
-88.19,16.24,NA
-88.16,16.24,NA
-88.13,16.24,NA
-88.1,16.24,NA
-88.07,16.24,NA
-88.04,16.24,NA
-88.01,16.24,NA
-87.98,16.24,NA
-87.95,16.24,NA
-87.92,16.24,NA
-87.89,16.24,NA
-87.86,16.24,NA
-87.83,16.24,NA
-87.8,16.24,NA
-87.77,16.24,NA
-87.74,16.24,NA
-87.71,16.24,NA
-87.68,16.24,NA
-87.65,16.24,NA
-87.62,16.24,NA
-87.59,16.24,NA
-87.56,16.24,NA
-87.53,16.24,NA
-87.5,16.24,NA
-87.47,16.24,NA
-87.44,16.24,NA
-87.41,16.24,NA
-88.97,16.21,NA
-88.94,16.21,NA
-88.91,16.21,NA
-88.88,16.21,NA
-88.85,16.21,NA
-88.82,16.21,NA
-88.79,16.21,NA
-88.76,16.21,4.68
-88.73,16.21,6.3
-88.7,16.21,139.95
-88.67,16.21,97.56
-88.64,16.21,52.83
-88.61,16.21,NA
-88.58,16.21,NA
-88.55,16.21,NA
-88.52,16.21,NA
-88.49,16.21,NA
-88.46,16.21,NA
-88.43,16.21,NA
-88.4,16.21,NA
-88.37,16.21,NA
-88.34,16.21,NA
-88.31,16.21,NA
-88.28,16.21,NA
-88.25,16.21,NA
-88.22,16.21,NA
-88.19,16.21,NA
-88.16,16.21,NA
-88.13,16.21,NA
-88.1,16.21,NA
-88.07,16.21,NA
-88.04,16.21,NA
-88.01,16.21,NA
-87.98,16.21,NA
-87.95,16.21,NA
-87.92,16.21,NA
-87.89,16.21,NA
-87.86,16.21,NA
-87.83,16.21,NA
-87.8,16.21,NA
-87.77,16.21,NA
-87.74,16.21,NA
-87.71,16.21,NA
-87.68,16.21,NA
-87.65,16.21,NA
-87.62,16.21,NA
-87.59,16.21,NA
-87.56,16.21,NA
-87.53,16.21,NA
-87.5,16.21,NA
-87.47,16.21,NA
-87.44,16.21,NA
-87.41,16.21,NA
-88.97,16.18,NA
-88.94,16.18,NA
-88.91,16.18,NA
-88.88,16.18,NA
-88.85,16.18,NA
-88.82,16.18,NA
-88.79,16.18,7.83
-88.76,16.18,7.83
-88.73,16.18,80.37
-88.7,16.18,80.37
-88.67,16.18,128.25
-88.64,16.18,15.21
-88.61,16.18,NA
-88.58,16.18,NA
-88.55,16.18,NA
-88.52,16.18,NA
-88.49,16.18,NA
-88.46,16.18,NA
-88.43,16.18,NA
-88.4,16.18,NA
-88.37,16.18,NA
-88.34,16.18,NA
-88.31,16.18,NA
-88.28,16.18,NA
-88.25,16.18,NA
-88.22,16.18,NA
-88.19,16.18,NA
-88.16,16.18,NA
-88.13,16.18,NA
-88.1,16.18,NA
-88.07,16.18,NA
-88.04,16.18,NA
-88.01,16.18,NA
-87.98,16.18,NA
-87.95,16.18,NA
-87.92,16.18,NA
-87.89,16.18,NA
-87.86,16.18,NA
-87.83,16.18,NA
-87.8,16.18,NA
-87.77,16.18,NA
-87.74,16.18,NA
-87.71,16.18,NA
-87.68,16.18,NA
-87.65,16.18,NA
-87.62,16.18,NA
-87.59,16.18,NA
-87.56,16.18,NA
-87.53,16.18,NA
-87.5,16.18,NA
-87.47,16.18,NA
-87.44,16.18,NA
-87.41,16.18,NA
-88.97,16.15,NA
-88.94,16.15,NA
-88.91,16.15,NA
-88.88,16.15,NA
-88.85,16.15,NA
-88.82,16.15,NA
-88.79,16.15,215.19
-88.76,16.15,215.19
-88.73,16.15,28.71
-88.7,16.15,28.71
-88.67,16.15,6.57
-88.64,16.15,NA
-88.61,16.15,NA
-88.58,16.15,NA
-88.55,16.15,NA
-88.52,16.15,NA
-88.49,16.15,NA
-88.46,16.15,NA
-88.43,16.15,NA
-88.4,16.15,NA
-88.37,16.15,NA
-88.34,16.15,NA
-88.31,16.15,NA
-88.28,16.15,NA
-88.25,16.15,NA
-88.22,16.15,NA
-88.19,16.15,NA
-88.16,16.15,NA
-88.13,16.15,NA
-88.1,16.15,NA
-88.07,16.15,NA
-88.04,16.15,NA
-88.01,16.15,NA
-87.98,16.15,NA
-87.95,16.15,NA
-87.92,16.15,NA
-87.89,16.15,NA
-87.86,16.15,NA
-87.83,16.15,NA
-87.8,16.15,NA
-87.77,16.15,NA
-87.74,16.15,NA
-87.71,16.15,NA
-87.68,16.15,NA
-87.65,16.15,NA
-87.62,16.15,NA
-87.59,16.15,NA
-87.56,16.15,NA
-87.53,16.15,NA
-87.5,16.15,NA
-87.47,16.15,NA
-87.44,16.15,NA
-87.41,16.15,NA
-88.97,16.12,NA
-88.94,16.12,NA
-88.91,16.12,NA
-88.88,16.12,NA
-88.85,16.12,NA
-88.82,16.12,NA
-88.79,16.12,NA
-88.76,16.12,31.68
-88.73,16.12,NA
-88.7,16.12,NA
-88.67,16.12,NA
-88.64,16.12,NA
-88.61,16.12,NA
-88.58,16.12,NA
-88.55,16.12,NA
-88.52,16.12,NA
-88.49,16.12,NA
-88.46,16.12,NA
-88.43,16.12,NA
-88.4,16.12,NA
-88.37,16.12,NA
-88.34,16.12,NA
-88.31,16.12,NA
-88.28,16.12,NA
-88.25,16.12,NA
-88.22,16.12,NA
-88.19,16.12,NA
-88.16,16.12,NA
-88.13,16.12,NA
-88.1,16.12,NA
-88.07,16.12,NA
-88.04,16.12,NA
-88.01,16.12,NA
-87.98,16.12,NA
-87.95,16.12,NA
-87.92,16.12,NA
-87.89,16.12,NA
-87.86,16.12,NA
-87.83,16.12,NA
-87.8,16.12,NA
-87.77,16.12,NA
-87.74,16.12,NA
-87.71,16.12,NA
-87.68,16.12,NA
-87.65,16.12,NA
-87.62,16.12,NA
-87.59,16.12,NA
-87.56,16.12,NA
-87.53,16.12,NA
-87.5,16.12,NA
-87.47,16.12,NA
-87.44,16.12,NA
-87.41,16.12,NA
-88.97,16.09,NA
-88.94,16.09,NA
-88.91,16.09,NA
-88.88,16.09,NA
-88.85,16.09,NA
-88.82,16.09,2.97
-88.79,16.09,15.66
-88.76,16.09,NA
-88.73,16.09,NA
-88.7,16.09,NA
-88.67,16.09,NA
-88.64,16.09,NA
-88.61,16.09,NA
-88.58,16.09,NA
-88.55,16.09,NA
-88.52,16.09,NA
-88.49,16.09,NA
-88.46,16.09,NA
-88.43,16.09,NA
-88.4,16.09,NA
-88.37,16.09,NA
-88.34,16.09,NA
-88.31,16.09,NA
-88.28,16.09,NA
-88.25,16.09,NA
-88.22,16.09,NA
-88.19,16.09,NA
-88.16,16.09,NA
-88.13,16.09,NA
-88.1,16.09,NA
-88.07,16.09,NA
-88.04,16.09,NA
-88.01,16.09,NA
-87.98,16.09,NA
-87.95,16.09,NA
-87.92,16.09,NA
-87.89,16.09,NA
-87.86,16.09,NA
-87.83,16.09,NA
-87.8,16.09,NA
-87.77,16.09,NA
-87.74,16.09,NA
-87.71,16.09,NA
-87.68,16.09,NA
-87.65,16.09,NA
-87.62,16.09,NA
-87.59,16.09,NA
-87.56,16.09,NA
-87.53,16.09,NA
-87.5,16.09,NA
-87.47,16.09,NA
-87.44,16.09,NA
-87.41,16.09,NA
-88.97,16.06,NA
-88.94,16.06,NA
-88.91,16.06,NA
-88.88,16.06,19.71
-88.85,16.06,117.54
-88.82,16.06,NA
-88.79,16.06,2.7
-88.76,16.06,NA
-88.73,16.06,NA
-88.7,16.06,NA
-88.67,16.06,NA
-88.64,16.06,NA
-88.61,16.06,NA
-88.58,16.06,NA
-88.55,16.06,NA
-88.52,16.06,NA
-88.49,16.06,NA
-88.46,16.06,NA
-88.43,16.06,NA
-88.4,16.06,NA
-88.37,16.06,NA
-88.34,16.06,NA
-88.31,16.06,NA
-88.28,16.06,NA
-88.25,16.06,NA
-88.22,16.06,NA
-88.19,16.06,NA
-88.16,16.06,NA
-88.13,16.06,NA
-88.1,16.06,NA
-88.07,16.06,NA
-88.04,16.06,NA
-88.01,16.06,NA
-87.98,16.06,NA
-87.95,16.06,NA
-87.92,16.06,NA
-87.89,16.06,NA
-87.86,16.06,NA
-87.83,16.06,NA
-87.8,16.06,NA
-87.77,16.06,NA
-87.74,16.06,NA
-87.71,16.06,NA
-87.68,16.06,NA
-87.65,16.06,NA
-87.62,16.06,NA
-87.59,16.06,NA
-87.56,16.06,NA
-87.53,16.06,NA
-87.5,16.06,NA
-87.47,16.06,NA
-87.44,16.06,NA
-87.41,16.06,NA
-88.97,16.03,NA
-88.94,16.03,NA
-88.91,16.03,NA
-88.88,16.03,16.83
-88.85,16.03,38.7
-88.82,16.03,NA
-88.79,16.03,NA
-88.76,16.03,NA
-88.73,16.03,NA
-88.7,16.03,NA
-88.67,16.03,NA
-88.64,16.03,NA
-88.61,16.03,NA
-88.58,16.03,NA
-88.55,16.03,NA
-88.52,16.03,NA
-88.49,16.03,NA
-88.46,16.03,NA
-88.43,16.03,NA
-88.4,16.03,NA
-88.37,16.03,NA
-88.34,16.03,NA
-88.31,16.03,NA
-88.28,16.03,NA
-88.25,16.03,NA
-88.22,16.03,NA
-88.19,16.03,NA
-88.16,16.03,NA
-88.13,16.03,NA
-88.1,16.03,NA
-88.07,16.03,NA
-88.04,16.03,NA
-88.01,16.03,NA
-87.98,16.03,NA
-87.95,16.03,NA
-87.92,16.03,NA
-87.89,16.03,NA
-87.86,16.03,NA
-87.83,16.03,NA
-87.8,16.03,NA
-87.77,16.03,NA
-87.74,16.03,NA
-87.71,16.03,NA
-87.68,16.03,NA
-87.65,16.03,NA
-87.62,16.03,NA
-87.59,16.03,NA
-87.56,16.03,NA
-87.53,16.03,NA
-87.5,16.03,NA
-87.47,16.03,NA
-87.44,16.03,NA
-87.41,16.03,NA
-88.97,16,NA
-88.94,16,12.33
-88.91,16,15.57
-88.88,16,NA
-88.85,16,NA
-88.82,16,NA
-88.79,16,NA
-88.76,16,NA
-88.73,16,NA
-88.7,16,NA
-88.67,16,NA
-88.64,16,NA
-88.61,16,NA
-88.58,16,NA
-88.55,16,NA
-88.52,16,NA
-88.49,16,NA
-88.46,16,NA
-88.43,16,NA
-88.4,16,NA
-88.37,16,NA
-88.34,16,NA
-88.31,16,NA
-88.28,16,NA
-88.25,16,NA
-88.22,16,NA
-88.19,16,NA
-88.16,16,NA
-88.13,16,NA
-88.1,16,NA
-88.07,16,NA
-88.04,16,NA
-88.01,16,NA
-87.98,16,NA
-87.95,16,NA
-87.92,16,NA
-87.89,16,NA
-87.86,16,NA
-87.83,16,NA
-87.8,16,NA
-87.77,16,NA
-87.74,16,NA
-87.71,16,NA
-87.68,16,NA
-87.65,16,NA
-87.62,16,NA
-87.59,16,NA
-87.56,16,NA
-87.53,16,NA
-87.5,16,NA
-87.47,16,NA
-87.44,16,NA
-87.41,16,NA
-88.97,15.97,3.69
-88.94,15.97,44.37
-88.91,15.97,NA
-88.88,15.97,NA
-88.85,15.97,NA
-88.82,15.97,NA
-88.79,15.97,NA
-88.76,15.97,NA
-88.73,15.97,NA
-88.7,15.97,NA
-88.67,15.97,NA
-88.64,15.97,NA
-88.61,15.97,NA
-88.58,15.97,NA
-88.55,15.97,NA
-88.52,15.97,NA
-88.49,15.97,NA
-88.46,15.97,NA
-88.43,15.97,NA
-88.4,15.97,NA
-88.37,15.97,NA
-88.34,15.97,NA
-88.31,15.97,NA
-88.28,15.97,NA
-88.25,15.97,NA
-88.22,15.97,NA
-88.19,15.97,NA
-88.16,15.97,NA
-88.13,15.97,NA
-88.1,15.97,NA
-88.07,15.97,NA
-88.04,15.97,NA
-88.01,15.97,NA
-87.98,15.97,NA
-87.95,15.97,NA
-87.92,15.97,NA
-87.89,15.97,NA
-87.86,15.97,NA
-87.83,15.97,NA
-87.8,15.97,NA
-87.77,15.97,NA
-87.74,15.97,NA
-87.71,15.97,NA
-87.68,15.97,NA
-87.65,15.97,NA
-87.62,15.97,NA
-87.59,15.97,NA
-87.56,15.97,NA
-87.53,15.97,NA
-87.5,15.97,NA
-87.47,15.97,NA
-87.44,15.97,NA
-87.41,15.97,NA
-88.97,15.94,6.93
-88.94,15.94,37.98
-88.91,15.94,NA
-88.88,15.94,NA
-88.85,15.94,NA
-88.82,15.94,NA
-88.79,15.94,NA
-88.76,15.94,NA
-88.73,15.94,NA
-88.7,15.94,NA
-88.67,15.94,NA
-88.64,15.94,NA
-88.61,15.94,NA
-88.58,15.94,NA
-88.55,15.94,NA
-88.52,15.94,NA
-88.49,15.94,NA
-88.46,15.94,NA
-88.43,15.94,NA
-88.4,15.94,NA
-88.37,15.94,NA
-88.34,15.94,NA
-88.31,15.94,NA
-88.28,15.94,NA
-88.25,15.94,NA
-88.22,15.94,NA
-88.19,15.94,NA
-88.16,15.94,NA
-88.13,15.94,NA
-88.1,15.94,NA
-88.07,15.94,NA
-88.04,15.94,NA
-88.01,15.94,NA
-87.98,15.94,NA
-87.95,15.94,NA
-87.92,15.94,NA
-87.89,15.94,NA
-87.86,15.94,NA
-87.83,15.94,NA
-87.8,15.94,NA
-87.77,15.94,NA
-87.74,15.94,NA
-87.71,15.94,NA
-87.68,15.94,NA
-87.65,15.94,NA
-87.62,15.94,NA
-87.59,15.94,NA
-87.56,15.94,NA
-87.53,15.94,NA
-87.5,15.94,NA
-87.47,15.94,NA
-87.44,15.94,NA
-87.41,15.94,NA
